[
  {
    "postNumber": "American Legion 28",
    "name": "Charles A Hammell",
    "address": "560, New Jersey Avenue Absecon, NJ 8201",
    "phone": "(609) 641-9722",
    "email": "abseconlegionpost28@gmail.com",
    "organization": "American Legion",
    "state": "NJ"
  },
  {
    "postNumber": "American Legion 61",
    "name": "Kenneth B. Hawkins",
    "address": "Po Box 5166 1510, Adriatic Ave. Atlantic City, NJ 8404",
    "phone": "(609) 449-8778",
    "email": "N/A",
    "organization": "American Legion",
    "state": "NJ"
  },
  {
    "postNumber": "American Legion 81",
    "name": "Mainland",
    "address": "902, So. Main Street Pleasantville, NJ 8232",
    "phone": "(609) 641-5846",
    "email": "N/A",
    "organization": "American Legion",
    "state": "NJ"
  },
  {
    "postNumber": "American Legion 158",
    "name": "Rudolph Elmer",
    "address": "527, Philadelphia Avenue Egg Harbor City, NJ 8215",
    "phone": "(609) 965-0390",
    "email": "N/A",
    "organization": "American Legion",
    "state": "NJ"
  },
  {
    "postNumber": "American Legion 186",
    "name": "F. A. Funston",
    "address": "101, French Street Hammonton, NJ 8037",
    "phone": "(609) 567-4748",
    "email": "N/A",
    "organization": "American Legion",
    "state": "NJ"
  },
  {
    "postNumber": "American Legion 270",
    "name": "Buena Vista",
    "address": "P.O. Box 129 703, Central Ave. Minotola, NJ 8341",
    "phone": "(856) 697-6020",
    "email": "N/A",
    "organization": "American Legion",
    "state": "NJ"
  },
  {
    "postNumber": "American Legion 295",
    "name": "Harvey D. Johnson",
    "address": "232, Mill Rd Northfield, NJ 8225",
    "phone": "(609) 641-5564",
    "email": "N/A",
    "organization": "American Legion",
    "state": "NJ"
  },
  {
    "postNumber": "American Legion 352",
    "name": "Clark Eliason Pennsylvania Ave. & Veterans W",
    "address": "P.O. Box 84, Somers Point, NJ 8244",
    "phone": "(609) 927-7145",
    "email": "cliffgriffiths@comcast.net",
    "organization": "American Legion",
    "state": "NJ"
  },
  {
    "postNumber": "American Legion 396",
    "name": "Kline Mc Anney",
    "address": "3218, W. Brigantine Avenue Brigantine, NJ 8203",
    "phone": "(609) 266-9477",
    "email": "N/A",
    "organization": "American Legion",
    "state": "NJ"
  },
  {
    "postNumber": "American Legion 430",
    "name": "Galloway Township No Post Home",
    "address": "P.O. Box 102, Cologne, NJ 8213",
    "phone": "(609) 965-2082",
    "email": "N/A",
    "organization": "American Legion",
    "state": "NJ"
  },
  {
    "postNumber": "American Legion 469",
    "name": "John A. Kuzmann Memorial No Post Home",
    "address": "P.O. Box 441, Longport, NJ 8403",
    "phone": "(609) 487-7817",
    "email": "N/A",
    "organization": "American Legion",
    "state": "NJ"
  },
  {
    "postNumber": "American Legion 1",
    "name": "Sgt. Clendenon Newell",
    "address": "399, Broad Avenue Leonia, NJ 7605",
    "phone": "(201) 944-0493",
    "email": "alpost1nj@gmail.com",
    "organization": "American Legion",
    "state": "NJ"
  },
  {
    "postNumber": "American Legion 21",
    "name": "Camp Merritt",
    "address": "75, Legion Drive Cresskill, NJ 7626",
    "phone": "(201) 894-9723",
    "email": "campmerrittpost21@hotmail.com",
    "organization": "American Legion",
    "state": "NJ"
  },
  {
    "postNumber": "American Legion 30",
    "name": "Harringtonpark No Post Home",
    "address": "P.O. Box 5, Harrington Park, NJ 7640",
    "phone": "(201) 321-9550",
    "email": "N/A",
    "organization": "American Legion",
    "state": "NJ"
  },
  {
    "postNumber": "American Legion 37",
    "name": "Alexander",
    "address": "P. Stover 222 River Road Po Box 7134, N. Arlington, NJ 7031",
    "phone": "(201) 998-2469",
    "email": "aalhojr@comcast.net",
    "organization": "American Legion",
    "state": "NJ"
  },
  {
    "postNumber": "American Legion 41",
    "name": "Kinderkamack",
    "address": "1, Veterans Place Oradell, NJ 7649",
    "phone": "(201) 265-4193",
    "email": "N/A",
    "organization": "American Legion",
    "state": "NJ"
  },
  {
    "postNumber": "American Legion 53",
    "name": "Ridgewood No Post Home",
    "address": "Po Box 1525, Ridgewood, NJ 7450",
    "phone": "(201) 652-6946",
    "email": "N/A",
    "organization": "American Legion",
    "state": "NJ"
  },
  {
    "postNumber": "American Legion 55",
    "name": "Capt. Harry B. Doremus No Post Home",
    "address": "P.O. Box 345, Hackensack, NJ 7601",
    "phone": "(201) 488-8799",
    "email": "N/A",
    "organization": "American Legion",
    "state": "NJ"
  },
  {
    "postNumber": "American Legion 57",
    "name": "Walter Nightengale",
    "address": "46, Franklin Turnpike Waldwick, NJ 7463",
    "phone": "(201) 652-9470",
    "email": "N/A",
    "organization": "American Legion",
    "state": "NJ"
  },
  {
    "postNumber": "American Legion 58",
    "name": "Henry Douglas",
    "address": "151, West Forest Avenue Englewood, NJ 7631",
    "phone": "(201) 894-9295",
    "email": "N/A",
    "organization": "American Legion",
    "state": "NJ"
  },
  {
    "postNumber": "American Legion 69",
    "name": "G. C. Burkadt",
    "address": "412, Third Street Carlstadt, NJ 7072",
    "phone": "(201) 460-9665",
    "email": "N/A",
    "organization": "American Legion",
    "state": "NJ"
  },
  {
    "postNumber": "American Legion 106",
    "name": "Capt. James B. Scarr",
    "address": "P.O. Box 111, Hasbrouck Heights, NJ 7604",
    "phone": "(201) 288-1026",
    "email": "N/A",
    "organization": "American Legion",
    "state": "NJ"
  },
  {
    "postNumber": "American Legion 109",
    "name": "Rutherford",
    "address": "424 Carmita Avenue P.O. Box 1567, Rutherford, NJ 7070",
    "phone": "(201) 939-9895",
    "email": "N/A",
    "organization": "American Legion",
    "state": "NJ"
  },
  {
    "postNumber": "American Legion 111",
    "name": "Leroy S. Mead No Post Home",
    "address": "P.O. Box 29, Closter, NJ 7624",
    "phone": "(201) 768-0390",
    "email": "N/A",
    "organization": "American Legion",
    "state": "NJ"
  },
  {
    "postNumber": "American Legion 116",
    "name": "Farrell Huber",
    "address": "1165, River Road Edgewater, NJ 7020",
    "phone": "(201) 886-9705",
    "email": "N/A",
    "organization": "American Legion",
    "state": "NJ"
  },
  {
    "postNumber": "American Legion 117",
    "name": "Clifford Dunn",
    "address": "P.O. Box 232, Bogota, NJ 7603",
    "phone": "(201) 343-2213",
    "email": "N/A",
    "organization": "American Legion",
    "state": "NJ"
  },
  {
    "postNumber": "American Legion 126",
    "name": "Cliffside Park Memorial, Inc.",
    "address": "P.O. Box 57, Cliffside Park, NJ 7010",
    "phone": "(201) 522-6466",
    "email": "N/A",
    "organization": "American Legion",
    "state": "NJ"
  },
  {
    "postNumber": "American Legion 128",
    "name": "Teaneck",
    "address": "650, American Legion Drive Teaneck, NJ 7666",
    "phone": "(201) 836-3471",
    "email": "N/A",
    "organization": "American Legion",
    "state": "NJ"
  },
  {
    "postNumber": "American Legion 136",
    "name": "Joseph M. Lane",
    "address": "41 Union Street P.O. Box 36, Di, NJ 7644",
    "phone": "(973) 614-0100",
    "email": "N/A",
    "organization": "American Legion",
    "state": "NJ"
  },
  {
    "postNumber": "American Legion 139",
    "name": "Barringer Walker Lopinto",
    "address": "217 Webster Ave P.O. Box 382, Lyndhurst, NJ 7071",
    "phone": "(201) 933-4120",
    "email": "info@lyndhurstamericanlegion.com",
    "organization": "American Legion",
    "state": "NJ"
  },
  {
    "postNumber": "American Legion 142",
    "name": "Maywood",
    "address": "135, E. Passaic Street Maywood, NJ 7607",
    "phone": "(201) 845-8226",
    "email": "N/A",
    "organization": "American Legion",
    "state": "NJ"
  },
  {
    "postNumber": "American Legion 147",
    "name": "Louis Wenzel, Jr.",
    "address": "1 Legion Place P.O. Box 91, Elmwood Park, NJ 7407",
    "phone": "(201) 796-9717",
    "email": "elmwoodparklegion147@gmail.com",
    "organization": "American Legion",
    "state": "NJ"
  },
  {
    "postNumber": "American Legion 153",
    "name": "Cpl. Jedh C. Barker Memorial",
    "address": "118, Ridge Ave., Park Ridge, NJ 7656",
    "phone": "(201) 391-9754",
    "email": "post153nj@hotmail.com",
    "organization": "American Legion",
    "state": "NJ"
  },
  {
    "postNumber": "American Legion 162",
    "name": "General Leonard E. Woods",
    "address": "98 Legion Place, P.O. Box 162, Hillsdale, NJ 7642",
    "phone": "(201) 664-2884",
    "email": "Commander@AmericanLegionPost162.org",
    "organization": "American Legion",
    "state": "NJ"
  },
  {
    "postNumber": "American Legion 170",
    "name": "Rochelle Park",
    "address": "33, W. Passaic St. Rochelle Park, NJ 7662",
    "phone": "(201) 843-9683",
    "email": "N/A",
    "organization": "American Legion",
    "state": "NJ"
  },
  {
    "postNumber": "American Legion 171",
    "name": "Harry Coppendyke",
    "address": "17-08, River Rd. Fairlawn, NJ 7410",
    "phone": "(201) 796-9667",
    "email": "N/A",
    "organization": "American Legion",
    "state": "NJ"
  },
  {
    "postNumber": "American Legion 206",
    "name": "Westwood",
    "address": "264, Washington Ave., Westwood, NJ 7675",
    "phone": "(201) 664-9734",
    "email": "N/A",
    "organization": "American Legion",
    "state": "NJ"
  },
  {
    "postNumber": "American Legion 207",
    "name": "Paramus No Post Home",
    "address": "P.O. Box 323, Paramus, NJ 7652",
    "phone": "(201) 845-3165",
    "email": "N/A",
    "organization": "American Legion",
    "state": "NJ"
  },
  {
    "postNumber": "American Legion 221",
    "name": "Roemer Bollerman",
    "address": "540, Shaler Blvd., Ridgefield, NJ 7657",
    "phone": "(201) 945-9741",
    "email": "N/A",
    "organization": "American Legion",
    "state": "NJ"
  },
  {
    "postNumber": "American Legion 269",
    "name": "Emerson",
    "address": "324, Main St. Emerson, NJ 7630",
    "phone": "(201) 261-9623",
    "email": "N/A",
    "organization": "American Legion",
    "state": "NJ"
  },
  {
    "postNumber": "American Legion 272",
    "name": "Norwood",
    "address": "480, Broadway, Norwood, NJ 7648",
    "phone": "(201) 768-9857",
    "email": "N/A",
    "organization": "American Legion",
    "state": "NJ"
  },
  {
    "postNumber": "American Legion 310",
    "name": "John H. Gertz",
    "address": "100, Liberty Street Little Ferry, NJ 7643",
    "phone": "(201) 641-9774",
    "email": "N/A",
    "organization": "American Legion",
    "state": "NJ"
  },
  {
    "postNumber": "American Legion 365",
    "name": "Fairview Memorial",
    "address": "110, Anderson Avenue Fairview, NJ 7022",
    "phone": "(201) 943-9728",
    "email": "N/A",
    "organization": "American Legion",
    "state": "NJ"
  },
  {
    "postNumber": "American Legion 366",
    "name": "Joseph A Silva",
    "address": "190, Paris Avenue Northvale, NJ 7647",
    "phone": "(201) 767-9748",
    "email": "N/A",
    "organization": "American Legion",
    "state": "NJ"
  },
  {
    "postNumber": "American Legion 369",
    "name": "Oakland Memorial",
    "address": "65 Oak Street Box 274, Oakland, NJ 7436",
    "phone": "(201) 337-9845",
    "email": "N/A",
    "organization": "American Legion",
    "state": "NJ"
  },
  {
    "postNumber": "American Legion 415",
    "name": "Jamros Baker Schneider",
    "address": "302, Midland Avenue Saddle Brook, NJ 7663",
    "phone": "(973) 478-9852",
    "email": "N/A",
    "organization": "American Legion",
    "state": "NJ"
  },
  {
    "postNumber": "American Legion 453",
    "name": "Murray Hodge",
    "address": "58, Meadow Road Rutherford, NJ 7070",
    "phone": "(201) 531-0656",
    "email": "N/A",
    "organization": "American Legion",
    "state": "NJ"
  },
  {
    "postNumber": "American Legion 531",
    "name": "Mahwah",
    "address": "631, Blue Ridge Lane Mahwah, NJ 7430",
    "phone": "N/A",
    "email": "N/A",
    "organization": "American Legion",
    "state": "NJ"
  },
  {
    "postNumber": "American Legion 11",
    "name": "Mount Holly No Post Home",
    "address": "Po Box 711, Mount Holly, NJ 8060",
    "phone": "(267) 253-3639",
    "email": "N/A",
    "organization": "American Legion",
    "state": "NJ"
  },
  {
    "postNumber": "American Legion 26",
    "name": "Ervin V. Hamilton No Post Home",
    "address": "P.O. Box 548, Bordentown, NJ 8505",
    "phone": "(609) 298-6852",
    "email": "CWO3@erols.com",
    "organization": "American Legion",
    "state": "NJ"
  },
  {
    "postNumber": "American Legion 39",
    "name": "Willitts Hogan Tonne",
    "address": "112-114 4Th Avenue P.O. Box 203, Roebling, NJ 8554",
    "phone": "(609) 499-3880",
    "email": "N/A",
    "organization": "American Legion",
    "state": "NJ"
  },
  {
    "postNumber": "American Legion 42",
    "name": "William H. Snyder No Post Home",
    "address": "P.O. Box 731, Moorestown, NJ 8057",
    "phone": "(856) 722-0294",
    "email": "N/A",
    "organization": "American Legion",
    "state": "NJ"
  },
  {
    "postNumber": "American Legion 66",
    "name": "Antrim Mentz No Post Home",
    "address": "P.O. Box 251, Maple Shade, NJ 8052",
    "phone": "(856) 667-9581",
    "email": "N/A",
    "organization": "American Legion",
    "state": "NJ"
  },
  {
    "postNumber": "American Legion 79",
    "name": "Captain James Mac Farland",
    "address": "540, High Street Burlington, NJ 8016",
    "phone": "(609) 387-0464",
    "email": "JASKOL@VERIZON.ET",
    "organization": "American Legion",
    "state": "NJ"
  },
  {
    "postNumber": "American Legion 115",
    "name": "W. A. Cortright, Jr.",
    "address": "700, Melbourne Avenue Beverly, NJ 8010",
    "phone": "(609) 387-0024",
    "email": "wfbyrnes@aol.com",
    "organization": "American Legion",
    "state": "NJ"
  },
  {
    "postNumber": "American Legion 146",
    "name": "Riverside",
    "address": "212, American Legion Drive Riverside, NJ 8075",
    "phone": "(856) 461-5526",
    "email": "JEVOLKMAN68@GMAIL.COM",
    "organization": "American Legion",
    "state": "NJ"
  },
  {
    "postNumber": "American Legion 194",
    "name": "Francis Walsh Robbins",
    "address": "P.O. Box 35 601, Broad Street Florence, NJ 8518",
    "phone": "(609) 499-9803",
    "email": "mpetro812@gmail.com",
    "organization": "American Legion",
    "state": "NJ"
  },
  {
    "postNumber": "American Legion 294",
    "name": "Eden Stanley",
    "address": "39 Ft. Dix Road Box 106, Pemberton, NJ 8068",
    "phone": "(609) 894-2203",
    "email": "KJAMES59@COMCAST.NET",
    "organization": "American Legion",
    "state": "NJ"
  },
  {
    "postNumber": "American Legion 336",
    "name": "Slade Valentine",
    "address": "449 Linden Avenue Box 332, Burlington, NJ 8016",
    "phone": "(609) 386-6929",
    "email": "EZELLJACKSONJR@GMAIL.COM",
    "organization": "American Legion",
    "state": "NJ"
  },
  {
    "postNumber": "American Legion 489",
    "name": "Blisard Wolfe",
    "address": "P.O. Box 1631, Burlington Township, NJ 8016",
    "phone": "(609) 433-0397",
    "email": "SEVELIE1969@COMCAST.NET",
    "organization": "American Legion",
    "state": "NJ"
  },
  {
    "postNumber": "American Legion 509",
    "name": "Westampton Memorial No Post Home",
    "address": "Po Box 123, Westampton Twp., NJ 8060",
    "phone": "(609) 261-0163",
    "email": "N/A",
    "organization": "American Legion",
    "state": "NJ"
  },
  {
    "postNumber": "American Legion 516",
    "name": "Willingboro Memorial No Post Home",
    "address": "P.O. Box 203, Willingboro, NJ 8046",
    "phone": "(609) 871-9000",
    "email": "N/A",
    "organization": "American Legion",
    "state": "NJ"
  },
  {
    "postNumber": "American Legion 526",
    "name": "N/A",
    "address": "Guy Doron Sr. & Jr. No Post Home Southampton Twp., NJ 8088",
    "phone": "(609) 859-8220",
    "email": "N/A",
    "organization": "American Legion",
    "state": "NJ"
  },
  {
    "postNumber": "American Legion 17",
    "name": "Tatem Shields",
    "address": "622, South Atlantic Avenue Collingswood, NJ 8108",
    "phone": "(856) 858-1215",
    "email": "N/A",
    "organization": "American Legion",
    "state": "NJ"
  },
  {
    "postNumber": "American Legion 38",
    "name": "Haddonfield",
    "address": "129, Veterans Lane Haddonfield, NJ 8033",
    "phone": "(856) 429-5414",
    "email": "info@post38.com",
    "organization": "American Legion",
    "state": "NJ"
  },
  {
    "postNumber": "American Legion 68",
    "name": "Frederick W. Grigg No Post Home",
    "address": "P.O. Box 1411, Merchantville, NJ 8109",
    "phone": "(856) 488-6248",
    "email": "fwgriggpost68@gmail.com",
    "organization": "American Legion",
    "state": "NJ"
  },
  {
    "postNumber": "American Legion 72",
    "name": "Brooklawn Memorial",
    "address": "11, Railroad Avenue Brooklawn, NJ 8030",
    "phone": "(856) 456-9847",
    "email": "N/A",
    "organization": "American Legion",
    "state": "NJ"
  },
  {
    "postNumber": "American Legion 84",
    "name": "Oaklyn Bettlewood",
    "address": "705, Newton Avenue Oaklyn, NJ 8107",
    "phone": "(856) 854-9674",
    "email": "president@phlockofsouthjersey.com",
    "organization": "American Legion",
    "state": "NJ"
  },
  {
    "postNumber": "American Legion 135",
    "name": "N/A",
    "address": "Gloucester Cumberland & Atlantic Sts. Gloucester City, NJ 8030",
    "phone": "(856) 349-7393",
    "email": "N/A",
    "organization": "American Legion",
    "state": "NJ"
  },
  {
    "postNumber": "American Legion 150",
    "name": "Mount Ephraim",
    "address": "225, Northmont Avenue Mt. Ephraim, NJ 8059",
    "phone": "(856) 931-7785",
    "email": "N/A",
    "organization": "American Legion",
    "state": "NJ"
  },
  {
    "postNumber": "American Legion 262",
    "name": "Murray Troutt",
    "address": "20, Chestnut St. Audubon, NJ 8106",
    "phone": "(609) 636-1475",
    "email": "N/A",
    "organization": "American Legion",
    "state": "NJ"
  },
  {
    "postNumber": "American Legion 281",
    "name": "Stetser Lamartine",
    "address": "2101, Chews Landing Road Blackwood, NJ 8012",
    "phone": "(856) 228-9869",
    "email": "squinn9807@aol.com",
    "organization": "American Legion",
    "state": "NJ"
  },
  {
    "postNumber": "American Legion 286",
    "name": "Pine Hill",
    "address": "250, Erial Road Pine Hill, NJ 8021",
    "phone": "(856) 784-6380",
    "email": "N/A",
    "organization": "American Legion",
    "state": "NJ"
  },
  {
    "postNumber": "American Legion 311",
    "name": "Waterford Township",
    "address": "2225, Atco Avenue Atco, NJ 8004",
    "phone": "(856) 767-1010",
    "email": "N/A",
    "organization": "American Legion",
    "state": "NJ"
  },
  {
    "postNumber": "American Legion 370",
    "name": "Edwin I. Johnson",
    "address": "430, No. Warwick Road Magnolia, NJ 8049",
    "phone": "(856) 748-4353",
    "email": "N/A",
    "organization": "American Legion",
    "state": "NJ"
  },
  {
    "postNumber": "American Legion 371",
    "name": "George Walton",
    "address": "P.O. Box 125 41, North Lake View Dr Gibbsboro, NJ 8026",
    "phone": "(856) 783-7327",
    "email": "GeorgeWaltonPost371@gmail.com",
    "organization": "American Legion",
    "state": "NJ"
  },
  {
    "postNumber": "American Legion 372",
    "name": "Cherry Hill",
    "address": "1532, Martin Avenue Cherry Hill, NJ 8002",
    "phone": "(856) 665-5577",
    "email": "N/A",
    "organization": "American Legion",
    "state": "NJ"
  },
  {
    "postNumber": "American Legion 473",
    "name": "Hudson Adams Carpenter",
    "address": "1200, Liberty Street Camden, NJ 8104",
    "phone": "(856) 338-0377",
    "email": "N/A",
    "organization": "American Legion",
    "state": "NJ"
  },
  {
    "postNumber": "American Legion 184",
    "name": "Byron Pennington Croker",
    "address": "4200, Atlantic Ave. Wildwood, NJ 8260",
    "phone": "(609) 522-3613",
    "email": "N/A",
    "organization": "American Legion",
    "state": "NJ"
  },
  {
    "postNumber": "American Legion 193",
    "name": "Harry Snyder",
    "address": "419, Congress St., Cape May, NJ 8204",
    "phone": "(609) 898-1266",
    "email": "N/A",
    "organization": "American Legion",
    "state": "NJ"
  },
  {
    "postNumber": "American Legion 198",
    "name": "Thurston Elmer Wood Hand Ave. & Dias Creek Rd.,",
    "address": "P.O.Box 577, Cape May Court House, NJ 8210",
    "phone": "(609) 602-9946",
    "email": "N/A",
    "organization": "American Legion",
    "state": "NJ"
  },
  {
    "postNumber": "American Legion 239",
    "name": "Aaron Wittkamp Colwell No Post Home",
    "address": "Po Box 147, Tuckahoe, NJ 8250",
    "phone": "(609) 296-0493",
    "email": "N/A",
    "organization": "American Legion",
    "state": "NJ"
  },
  {
    "postNumber": "American Legion 298",
    "name": "Hornstein Switka Oxley",
    "address": "515, Washington Avenue Woodbine, NJ 8270",
    "phone": "(609) 864-5722",
    "email": "N/A",
    "organization": "American Legion",
    "state": "NJ"
  },
  {
    "postNumber": "American Legion 331",
    "name": "Stephen C. Ludlam",
    "address": "11617 Second Avenue Po Box 232, Stone Harbor, NJ 8247",
    "phone": "(609) 368-2967",
    "email": "info@stephencludlampost331.org",
    "organization": "American Legion",
    "state": "NJ"
  },
  {
    "postNumber": "American Legion 524",
    "name": "Morvay - Miley - Cruice",
    "address": "4560 West Avenue P.O. Box 363, Ocean City, NJ 8226",
    "phone": "(609) 398-1751",
    "email": "adjutant@legion524ocnj.org",
    "organization": "American Legion",
    "state": "NJ"
  },
  {
    "postNumber": "American Legion 4",
    "name": "Theodore Roosevelt",
    "address": "28 S. West Avenue P.O. Box 491, Vineland Nj, NJ 8360",
    "phone": "(609) 522-3613",
    "email": "N/A",
    "organization": "American Legion",
    "state": "NJ"
  },
  {
    "postNumber": "American Legion 82",
    "name": "Nabb Leslie",
    "address": "220, Buck Street Millville Nj, NJ 8332",
    "phone": "(856) 825-2189",
    "email": "N/A",
    "organization": "American Legion",
    "state": "NJ"
  },
  {
    "postNumber": "American Legion 70",
    "name": "Nutley",
    "address": "45 Franklin Ave Po Box 177, Nutley, NJ 7110",
    "phone": "(973) 235-9663",
    "email": "N/A",
    "organization": "American Legion",
    "state": "NJ"
  },
  {
    "postNumber": "American Legion 73",
    "name": "East Orange No Post Home",
    "address": "951B, Argyll Circle, Lakewood East Orange, NJ 7010",
    "phone": "(732) 477-1871",
    "email": "N/A",
    "organization": "American Legion",
    "state": "NJ"
  },
  {
    "postNumber": "American Legion 105",
    "name": "Belleville",
    "address": "621, Washington Avenue Belleville, NJ 7109",
    "phone": "(973) 759-9650",
    "email": "N/A",
    "organization": "American Legion",
    "state": "NJ"
  },
  {
    "postNumber": "American Legion 140",
    "name": "Guy R. Bosworth",
    "address": "200, Main Street Millburn, NJ 7041",
    "phone": "(973) 379-9866",
    "email": "N/A",
    "organization": "American Legion",
    "state": "NJ"
  },
  {
    "postNumber": "American Legion 152",
    "name": "Guyton Callahan",
    "address": "212 Elizabeth Avenue Po Box 3112, Newark, NJ 7103",
    "phone": "(973) 645-0024",
    "email": "N/A",
    "organization": "American Legion",
    "state": "NJ"
  },
  {
    "postNumber": "American Legion 185",
    "name": "James Caldwell",
    "address": "303 Bloomfield Ave., P.O. Box 61,, Caldwell, NJ 7006",
    "phone": "(973) 226-6981",
    "email": "N/A",
    "organization": "American Legion",
    "state": "NJ"
  },
  {
    "postNumber": "American Legion 201",
    "name": "Livingston No Post Home",
    "address": "P.O. Box 201, Livingston, NJ 7039",
    "phone": "(973) 994-1395",
    "email": "N/A",
    "organization": "American Legion",
    "state": "NJ"
  },
  {
    "postNumber": "American Legion 251",
    "name": "Crawford Crews",
    "address": "210, Bloomfield Ave. Montclair, NJ 7042",
    "phone": "(973) 746-6055",
    "email": "Post251Crawfordcrews@gmail.com",
    "organization": "American Legion",
    "state": "NJ"
  },
  {
    "postNumber": "American Legion 299",
    "name": "Joseph J. Carbat",
    "address": "118, Belmont Avenue Belleville, NJ 7109",
    "phone": "(973) 759-8014",
    "email": "N/A",
    "organization": "American Legion",
    "state": "NJ"
  },
  {
    "postNumber": "American Legion 395",
    "name": "Vailsburg",
    "address": "28 West 3Rd Street, Apt. 1344, South Orange, NJ 7079",
    "phone": "(732) 914-0466",
    "email": "N/A",
    "organization": "American Legion",
    "state": "NJ"
  },
  {
    "postNumber": "American Legion 408",
    "name": "Howard F. Schwartz",
    "address": "20, Cortland Place Newark, NJ 7105",
    "phone": "(973) 589-9721",
    "email": "N/A",
    "organization": "American Legion",
    "state": "NJ"
  },
  {
    "postNumber": "American Legion 440",
    "name": "Hellenic",
    "address": "1025, Greeley Avenue Union, NJ 7083",
    "phone": "(908) 688-4440",
    "email": "N/A",
    "organization": "American Legion",
    "state": "NJ"
  },
  {
    "postNumber": "American Legion 533",
    "name": "Daniel Ford Sr.-Longshoreman Seafarers Center",
    "address": "118, Export St Newark, NJ 7114",
    "phone": "(973) 508-9877",
    "email": "N/A",
    "organization": "American Legion",
    "state": "NJ"
  },
  {
    "postNumber": "American Legion 49",
    "name": "Elwood Kindle No Post Home",
    "address": "P.O. Box 55, Pitman, NJ 8071",
    "phone": "(856) 589-7427",
    "email": "N/A",
    "organization": "American Legion",
    "state": "NJ"
  },
  {
    "postNumber": "American Legion 100",
    "name": "Higham Trautwein",
    "address": "502, Colonial Avenue West Deptford, NJ 8096",
    "phone": "(856) 845-8367",
    "email": "N/A",
    "organization": "American Legion",
    "state": "NJ"
  },
  {
    "postNumber": "American Legion 133",
    "name": "William Stokes Bonsal",
    "address": "1018, Washington Avenue Woodbury, NJ 8096",
    "phone": "(856) 848-9797",
    "email": "N/A",
    "organization": "American Legion",
    "state": "NJ"
  },
  {
    "postNumber": "American Legion 192",
    "name": "Arthur J. Holeton No Post Home",
    "address": "P.O. Box #312, Wenonah, NJ 8090",
    "phone": "(856) 464-0428",
    "email": "N/A",
    "organization": "American Legion",
    "state": "NJ"
  },
  {
    "postNumber": "American Legion 241",
    "name": "Shaw Paulin",
    "address": "275, Wilmer Street Glassboro, NJ 8028",
    "phone": "(856) 582-9198",
    "email": "N/A",
    "organization": "American Legion",
    "state": "NJ"
  },
  {
    "postNumber": "American Legion 252",
    "name": "Raymond Cline-Leon Rennebaum",
    "address": "20, Sicklerville Rd. Williamstown, NJ 8094",
    "phone": "(856) 740-4713",
    "email": "N/A",
    "organization": "American Legion",
    "state": "NJ"
  },
  {
    "postNumber": "American Legion 305",
    "name": "N/A",
    "address": "Benash Hilderbrand No Post Home Mantua, NJ 8051",
    "phone": "(856) 468-3793",
    "email": "N/A",
    "organization": "American Legion",
    "state": "NJ"
  },
  {
    "postNumber": "American Legion 424",
    "name": "N/A",
    "address": "Deptford Memorial No Post Home Deptford, NJ 8096",
    "phone": "(856) 228-1308",
    "email": "N/A",
    "organization": "American Legion",
    "state": "NJ"
  },
  {
    "postNumber": "American Legion 452",
    "name": "Robert W. Mills",
    "address": "141, N. Main Street Mullica Hill, NJ 8062",
    "phone": "(302) 420-6267",
    "email": "N/A",
    "organization": "American Legion",
    "state": "NJ"
  },
  {
    "postNumber": "American Legion 521",
    "name": "Washington Twp. Memorial No Post Home",
    "address": "Po Box 632, Blackwood, NJ 8012",
    "phone": "(856) 227-0805",
    "email": "N/A",
    "organization": "American Legion",
    "state": "NJ"
  },
  {
    "postNumber": "American Legion 18",
    "name": "Weehawken",
    "address": "10 49Th, Street Weehawken, NJ 7086",
    "phone": "(201) 766-5889",
    "email": "info@legionpost18.org",
    "organization": "American Legion",
    "state": "NJ"
  },
  {
    "postNumber": "American Legion 19",
    "name": "Bayonne",
    "address": "683, Broadway Bayonne, NJ 7002",
    "phone": "(201) 858-9349",
    "email": "N/A",
    "organization": "American Legion",
    "state": "NJ"
  },
  {
    "postNumber": "American Legion 33",
    "name": "North Bergen",
    "address": "Po Box 9083 1441 45Th, St. North Bergen, NJ 7047",
    "phone": "(201) 697-8746",
    "email": "N/A",
    "organization": "American Legion",
    "state": "NJ"
  },
  {
    "postNumber": "American Legion 99",
    "name": "Joseph Edwin Frobisher, Jr.",
    "address": "314, Belgrove Drive Kearny, NJ 7032",
    "phone": "(201) 991-9699",
    "email": "njpost99@gmail.com",
    "organization": "American Legion",
    "state": "NJ"
  },
  {
    "postNumber": "American Legion 107",
    "name": "Tom Kennedy",
    "address": "308, Second St Hoboken, NJ 7030",
    "phone": "(201) 988-4561",
    "email": "N/A",
    "organization": "American Legion",
    "state": "NJ"
  },
  {
    "postNumber": "American Legion 118",
    "name": "Secaucus Memorial",
    "address": "753, Second St Secaucus, NJ 7094",
    "phone": "(201) 863-0260",
    "email": "N/A",
    "organization": "American Legion",
    "state": "NJ"
  },
  {
    "postNumber": "American Legion 165",
    "name": "Frederick A. Mackenzie No Post Home",
    "address": "P.O. Box 1753, Bayonne, NJ 7002",
    "phone": "(201) 437-3992",
    "email": "N/A",
    "organization": "American Legion",
    "state": "NJ"
  },
  {
    "postNumber": "American Legion 282",
    "name": "Edwin G. Marshman,Sr.",
    "address": "P.O. Box 172, Harrison, NJ 7029",
    "phone": "(973) 484-1175",
    "email": "N/A",
    "organization": "American Legion",
    "state": "NJ"
  },
  {
    "postNumber": "American Legion 419",
    "name": "N/A",
    "address": "Jersey City Beacon No Post Home Jersey City, NJ 7306",
    "phone": "N/A",
    "email": "N/A",
    "organization": "American Legion",
    "state": "NJ"
  },
  {
    "postNumber": "American Legion 113",
    "name": "Fidelity",
    "address": "510, Harrison Street Frenchtown, NJ 8825",
    "phone": "(908) 996-7594",
    "email": "N/A",
    "organization": "American Legion",
    "state": "NJ"
  },
  {
    "postNumber": "American Legion 120",
    "name": "Toscanni",
    "address": "322, N. Union Street Lambertville, NJ 8530",
    "phone": "(609) 397-2922",
    "email": "N/A",
    "organization": "American Legion",
    "state": "NJ"
  },
  {
    "postNumber": "American Legion 159",
    "name": "Flemington",
    "address": "P.O. Box 362 28, Park Ave Flemington, NJ 8822",
    "phone": "(908) 725-4110",
    "email": "N/A",
    "organization": "American Legion",
    "state": "NJ"
  },
  {
    "postNumber": "American Legion 188",
    "name": "Herbert Cawley No Post Home",
    "address": "97, West Main Street High Bridge, NJ 8829",
    "phone": "N/A",
    "email": "american.legion.nj.post188@gmail.com",
    "organization": "American Legion",
    "state": "NJ"
  },
  {
    "postNumber": "American Legion 284",
    "name": "Whitehouse",
    "address": "P.O. Box 247, Whitehouse, NJ 8889",
    "phone": "(908) 534-2061",
    "email": "N/A",
    "organization": "American Legion",
    "state": "NJ"
  },
  {
    "postNumber": "American Legion 31",
    "name": "Hamilton Township",
    "address": "1490, S. Olden Ave Hamilton Township, NJ 8610",
    "phone": "(609) 584-5888",
    "email": "N/A",
    "organization": "American Legion",
    "state": "NJ"
  },
  {
    "postNumber": "American Legion 76",
    "name": "Princeton",
    "address": "P.O. Box 16, Princeton, NJ 8542",
    "phone": "(609) 799-0908",
    "email": "N/A",
    "organization": "American Legion",
    "state": "NJ"
  },
  {
    "postNumber": "American Legion 93",
    "name": "N/A",
    "address": "Trenton No Post Home Trenton, NJ 8619",
    "phone": "(609) 587-4466",
    "email": "N/A",
    "organization": "American Legion",
    "state": "NJ"
  },
  {
    "postNumber": "American Legion 148",
    "name": "Hightstown",
    "address": "895 Rt. 130, Hightstown, NJ 8520",
    "phone": "(609) 448-4055",
    "email": "N/A",
    "organization": "American Legion",
    "state": "NJ"
  },
  {
    "postNumber": "American Legion 182",
    "name": "Mitchell A. Davis",
    "address": "1406-1408, Princeton Ave Trenton, NJ 8638",
    "phone": "(609) 393-1223",
    "email": "N/A",
    "organization": "American Legion",
    "state": "NJ"
  },
  {
    "postNumber": "American Legion 218",
    "name": "Charles W. Robinson",
    "address": "26, Lytle St., Princeton, NJ 8542",
    "phone": "N/A",
    "email": "N/A",
    "organization": "American Legion",
    "state": "NJ"
  },
  {
    "postNumber": "American Legion 313",
    "name": "Broad Street Park",
    "address": "560, Schiller Avenue Hamilton Township, NJ 8610",
    "phone": "(609) 393-2622",
    "email": "N/A",
    "organization": "American Legion",
    "state": "NJ"
  },
  {
    "postNumber": "American Legion 314",
    "name": "Ewing Township",
    "address": "39, Lanning Street Trenton, NJ 8618",
    "phone": "(609) 637-9188",
    "email": "AL314NJ@gmail.com",
    "organization": "American Legion",
    "state": "NJ"
  },
  {
    "postNumber": "American Legion 339",
    "name": "Hopewell Valley",
    "address": "P.O. Box 82 16, Seminary Avenue Hopewell, NJ 8525",
    "phone": "(609) 466-0316",
    "email": "N/A",
    "organization": "American Legion",
    "state": "NJ"
  },
  {
    "postNumber": "American Legion 414",
    "name": "Lawrence Township",
    "address": "100, Berwyn Place Lawrenceville, NJ 8648",
    "phone": "(609) 771-4143",
    "email": "N/A",
    "organization": "American Legion",
    "state": "NJ"
  },
  {
    "postNumber": "American Legion 458",
    "name": "North Trenton",
    "address": "1438 Brunswick Avenue P.O. Box 5065, Trenton, NJ 8638",
    "phone": "(609) 695-9611",
    "email": "N/A",
    "organization": "American Legion",
    "state": "NJ"
  },
  {
    "postNumber": "American Legion 530",
    "name": "Robbinsville",
    "address": "P.O. Box 10481, Robbinsville, NJ 8691",
    "phone": "(609) 306-1496",
    "email": "N/A",
    "organization": "American Legion",
    "state": "NJ"
  },
  {
    "postNumber": "American Legion 25",
    "name": "Joyce Kilmer",
    "address": "4 Jfk Blvd Po Box 173, Milltown, NJ 8850",
    "phone": "(732) 828-7125",
    "email": "N/A",
    "organization": "American Legion",
    "state": "NJ"
  },
  {
    "postNumber": "American Legion 45",
    "name": "Robert N. Wilentz",
    "address": "530 Smith Street Po Box 894, Perth Amboy, NJ 8861",
    "phone": "(732) 826-2432",
    "email": "N/A",
    "organization": "American Legion",
    "state": "NJ"
  },
  {
    "postNumber": "American Legion 62",
    "name": "Luke A. Lovely No Post Home",
    "address": "340, George Street South Amboy, NJ 8879",
    "phone": "(732) 242-9875",
    "email": "N/A",
    "organization": "American Legion",
    "state": "NJ"
  },
  {
    "postNumber": "American Legion 65",
    "name": "Fugle Hummer",
    "address": "17 Calvin Place P.O. Box 365, Metuchen, NJ 8840",
    "phone": "(732) 321-9594",
    "email": "N/A",
    "organization": "American Legion",
    "state": "NJ"
  },
  {
    "postNumber": "American Legion 87",
    "name": "Woodbridge",
    "address": "314, Berry Street Woodbridge, NJ 7095",
    "phone": "(732) 634-9705",
    "email": "N/A",
    "organization": "American Legion",
    "state": "NJ"
  },
  {
    "postNumber": "American Legion 119",
    "name": "Dunellen",
    "address": "137, New Market Road Dunellen, NJ 8812",
    "phone": "(732) 968-9899",
    "email": "N/A",
    "organization": "American Legion",
    "state": "NJ"
  },
  {
    "postNumber": "American Legion 127",
    "name": "Star",
    "address": "131, Perrineville Road Jamesburg, NJ 8831",
    "phone": "(732) 521-6009",
    "email": "N/A",
    "organization": "American Legion",
    "state": "NJ"
  },
  {
    "postNumber": "American Legion 177",
    "name": "Crandall Kossman",
    "address": "P.O. Box 177 17, Emerson Street East Brunswick, NJ 8816",
    "phone": "(732) 254-9690",
    "email": "N/A",
    "organization": "American Legion",
    "state": "NJ"
  },
  {
    "postNumber": "American Legion 211",
    "name": "Lenape",
    "address": "240, Macarthur Ave., Sayreville, NJ 8872",
    "phone": "(732) 254-9826",
    "email": "alan.bowne@gmail.com",
    "organization": "American Legion",
    "state": "NJ"
  },
  {
    "postNumber": "American Legion 214",
    "name": "Frandsen Levandowski",
    "address": "264 Whitehead Ave. Po Box 13, South River, NJ 8882",
    "phone": "(732) 254-9712",
    "email": "N/A",
    "organization": "American Legion",
    "state": "NJ"
  },
  {
    "postNumber": "American Legion 243",
    "name": "Chaumont",
    "address": "243, Oak Tree Ave South Plainfield, NJ 7080",
    "phone": "(908) 668-9414",
    "email": "N/A",
    "organization": "American Legion",
    "state": "NJ"
  },
  {
    "postNumber": "American Legion 248",
    "name": "Colonia",
    "address": "806, S. Middlesex Turnpike Colonia, NJ 7067",
    "phone": "(732) 574-8212",
    "email": "N/A",
    "organization": "American Legion",
    "state": "NJ"
  },
  {
    "postNumber": "American Legion 253",
    "name": "Herman R. Lettau",
    "address": "P.O. Box 56, Spotswood, NJ 8884",
    "phone": "(732) 251-1030",
    "email": "N/A",
    "organization": "American Legion",
    "state": "NJ"
  },
  {
    "postNumber": "American Legion 261",
    "name": "Piscataway Township",
    "address": "840, So. Washington Ave. Piscataway, NJ 8854",
    "phone": "(732) 752-9756",
    "email": "N/A",
    "organization": "American Legion",
    "state": "NJ"
  },
  {
    "postNumber": "American Legion 263",
    "name": "Carteret",
    "address": "1155, Roosevelt Avenue Carteret, NJ 7008",
    "phone": "(732) 969-9885",
    "email": "N/A",
    "organization": "American Legion",
    "state": "NJ"
  },
  {
    "postNumber": "American Legion 306",
    "name": "John W. Lupu Memorial",
    "address": "707, Legion Place Middlesex, NJ 8846",
    "phone": "(732) 356-9699",
    "email": "Post306nj@gmail.com",
    "organization": "American Legion",
    "state": "NJ"
  },
  {
    "postNumber": "American Legion 324",
    "name": "Clara Barton",
    "address": "156, Brower Avenue Edison Twp., NJ 8837",
    "phone": "(732) 225-9824",
    "email": "N/A",
    "organization": "American Legion",
    "state": "NJ"
  },
  {
    "postNumber": "American Legion 401",
    "name": "Lt. John Farnkopf",
    "address": "148 Major Road P.O. Box 82, Monmouth Junction, NJ 8852",
    "phone": "(732) 329-9861",
    "email": "N/A",
    "organization": "American Legion",
    "state": "NJ"
  },
  {
    "postNumber": "American Legion 435",
    "name": "Father And Son",
    "address": "43, Oakland Avenue Edison, NJ 8817",
    "phone": "(732) 985-9768",
    "email": "N/A",
    "organization": "American Legion",
    "state": "NJ"
  },
  {
    "postNumber": "American Legion 459",
    "name": "A. Leigh Pardun",
    "address": "1015, Linwood Place N. Brunswick, NJ 8902",
    "phone": "(732) 249-4147",
    "email": "alpost459@gmail.com",
    "organization": "American Legion",
    "state": "NJ"
  },
  {
    "postNumber": "American Legion 471",
    "name": "Thaddeus M. Nulty",
    "address": "25, Brown Avenue Iselin, NJ 8830",
    "phone": "(732) 634-9119",
    "email": "N/A",
    "organization": "American Legion",
    "state": "NJ"
  },
  {
    "postNumber": "American Legion 522",
    "name": "Eugene J. Pacetta No Post Home",
    "address": "P.O. Box 6065, Monroe Township, NJ 8831",
    "phone": "(609) 655-4944",
    "email": "N/A",
    "organization": "American Legion",
    "state": "NJ"
  },
  {
    "postNumber": "American Legion 23",
    "name": "Raritan",
    "address": "81, West Front Street Keyport, NJ 7735",
    "phone": "(732) 264-9450",
    "email": "alpost23nj@gmail.com",
    "organization": "American Legion",
    "state": "NJ"
  },
  {
    "postNumber": "American Legion 54",
    "name": "Monmouth",
    "address": "62, West Main Street Freehold, NJ 7728",
    "phone": "(732) 431-8664",
    "email": "N/A",
    "organization": "American Legion",
    "state": "NJ"
  },
  {
    "postNumber": "American Legion 141",
    "name": "C. Eugene Allen Memorial No Post Home",
    "address": "P.O. Box 240, Atlantic Highlands, NJ 7716",
    "phone": "(732) 872-0936",
    "email": "N/A",
    "organization": "American Legion",
    "state": "NJ"
  },
  {
    "postNumber": "American Legion 143",
    "name": "Highlands Twin Light",
    "address": "85-87, Bay Avenue Highlands, NJ 7732",
    "phone": "(732) 872-2350",
    "email": "N/A",
    "organization": "American Legion",
    "state": "NJ"
  },
  {
    "postNumber": "American Legion 176",
    "name": "Matawan",
    "address": "P.O. Box 914, Matawan, NJ 7747",
    "phone": "(732) 566-4828",
    "email": "N/A",
    "organization": "American Legion",
    "state": "NJ"
  },
  {
    "postNumber": "American Legion 178",
    "name": "Donald J. Peacock Memorial No Post Home",
    "address": "Po Box 178, Farmingdale, NJ 7727",
    "phone": "(732) 370-8810",
    "email": "N/A",
    "organization": "American Legion",
    "state": "NJ"
  },
  {
    "postNumber": "American Legion 266",
    "name": "Frederick Dempsey",
    "address": "240 Drummond Ave. P.O. Box 1113, Neptune, NJ 7754",
    "phone": "(732) 774-8753",
    "email": "adjutant@njamericanlegionpost266.org",
    "organization": "American Legion",
    "state": "NJ"
  },
  {
    "postNumber": "American Legion 273",
    "name": "Wilbur J. Price",
    "address": "348, Carr Avenue Keansburg, NJ 7734",
    "phone": "(732) 495-1977",
    "email": "N/A",
    "organization": "American Legion",
    "state": "NJ"
  },
  {
    "postNumber": "American Legion 321",
    "name": "Union Beach",
    "address": "524, Front Street Union Beach, NJ 7735",
    "phone": "(732) 217-1553",
    "email": "N/A",
    "organization": "American Legion",
    "state": "NJ"
  },
  {
    "postNumber": "American Legion 338",
    "name": "Leonardo Mem. Of Middletown",
    "address": "P.O. Box 131, Leonardo, NJ 7737",
    "phone": "(732) 291-4645",
    "email": "support@legion338.org",
    "organization": "American Legion",
    "state": "NJ"
  },
  {
    "postNumber": "American Legion 346",
    "name": "Neptune Township",
    "address": "21, Gully Road, Neptune, NJ 7753",
    "phone": "(732) 922-1226",
    "email": "N/A",
    "organization": "American Legion",
    "state": "NJ"
  },
  {
    "postNumber": "American Legion 432",
    "name": "Spring Lake",
    "address": "Po Box 109, No Post Home Spring Lake, NJ 7762",
    "phone": "(732) 449-8193",
    "email": "N/A",
    "organization": "American Legion",
    "state": "NJ"
  },
  {
    "postNumber": "American Legion 434",
    "name": "Molly Pitcher",
    "address": "11, Sanford Street Englishtown, NJ 7726",
    "phone": "(732) 446-9872",
    "email": "N/A",
    "organization": "American Legion",
    "state": "NJ"
  },
  {
    "postNumber": "American Legion 515",
    "name": "Middletown Township",
    "address": "P.O. Box 632, New Monmouth, NJ 7748",
    "phone": "(732) 615-9449",
    "email": "N/A",
    "organization": "American Legion",
    "state": "NJ"
  },
  {
    "postNumber": "American Legion 529",
    "name": "Arthur W Potts Wall Township",
    "address": "2514, Sparrowbush Lane Manasquan, NJ 7736",
    "phone": "(732) 528-1107",
    "email": "N/A",
    "organization": "American Legion",
    "state": "NJ"
  },
  {
    "postNumber": "American Legion 27",
    "name": "William Hedges Baker",
    "address": "2 Legion Place P.O. Box 588, Dover, NJ 7802",
    "phone": "(973) 366-2257",
    "email": "N/A",
    "organization": "American Legion",
    "state": "NJ"
  },
  {
    "postNumber": "American Legion 43",
    "name": "Frank Patterson",
    "address": "20, Ridgedale Avenue Florham Park, NJ 7932",
    "phone": "(973) 377-9605",
    "email": "sgtholtz@verizon.net",
    "organization": "American Legion",
    "state": "NJ"
  },
  {
    "postNumber": "American Legion 44",
    "name": "Rockaway Township",
    "address": "210, Chestnut Terrace Rockaway Township, NJ 7866",
    "phone": "(973) 627-9717",
    "email": "N/A",
    "organization": "American Legion",
    "state": "NJ"
  },
  {
    "postNumber": "American Legion 59",
    "name": "Morristown",
    "address": "P. O. Box 2103, Morristown, NJ 7960",
    "phone": "(973) 285-0101",
    "email": "ric.perez@verizon.net",
    "organization": "American Legion",
    "state": "NJ"
  },
  {
    "postNumber": "American Legion 91",
    "name": "William J. Hocking",
    "address": "99, N. Main Street Wharton, NJ 7885",
    "phone": "(973) 366-2458",
    "email": "kfinn92207@hotmail.com",
    "organization": "American Legion",
    "state": "NJ"
  },
  {
    "postNumber": "American Legion 154",
    "name": "John A. Dean",
    "address": "69 Carey Ave P.O. Box 267, Butler, NJ 7405",
    "phone": "(973) 838-9899",
    "email": "julster65@gmail.com",
    "organization": "American Legion",
    "state": "NJ"
  },
  {
    "postNumber": "American Legion 155",
    "name": "Whippanong",
    "address": "13-23, Legion Place, Whippany, NJ 7981",
    "phone": "(973) 884-2494",
    "email": "mfmccory@optimum.net",
    "organization": "American Legion",
    "state": "NJ"
  },
  {
    "postNumber": "American Legion 175",
    "name": "Rockden",
    "address": "29, West Lincoln Ave. Rockaway, NJ 7866",
    "phone": "(973) 627-6791",
    "email": "N/A",
    "organization": "American Legion",
    "state": "NJ"
  },
  {
    "postNumber": "American Legion 242",
    "name": "John H. Lookhoff",
    "address": "700 Newark Pomptonturnpike P.O. Box 242, Pompton Plains, NJ 7444",
    "phone": "(973) 839-9724",
    "email": "Ednook@yahoo.com",
    "organization": "American Legion",
    "state": "NJ"
  },
  {
    "postNumber": "American Legion 245",
    "name": "William H. Flatt, Jr.",
    "address": "210 Espanong Road Po Box 187, Lake Hopatcong, NJ 7849",
    "phone": "(973) 663-2690",
    "email": "esudak@optonline.net",
    "organization": "American Legion",
    "state": "NJ"
  },
  {
    "postNumber": "American Legion 249",
    "name": "Parsippanong",
    "address": "91 North Beverwyck Rd. P.O. Box 196, Lake Hiawatha, NJ 7034",
    "phone": "(973) 335-9266",
    "email": "N/A",
    "organization": "American Legion",
    "state": "NJ"
  },
  {
    "postNumber": "American Legion 279",
    "name": "Lincoln Park",
    "address": "133, Main Street Lincoln Park, NJ 7035",
    "phone": "(973) 706-6799",
    "email": "nlorenc@optonline.net",
    "organization": "American Legion",
    "state": "NJ"
  },
  {
    "postNumber": "American Legion 342",
    "name": "Bernays Apgar Larry Maysey",
    "address": "333 Rt. 24 P.O. Box 342, Chester, NJ 7930",
    "phone": "(908) 879-5271",
    "email": "bfmac123@gmail.com",
    "organization": "American Legion",
    "state": "NJ"
  },
  {
    "postNumber": "American Legion 390",
    "name": "Denville Memorial",
    "address": "9, Legion Place Denville, NJ 7834",
    "phone": "(973) 627-8237",
    "email": "isaia1176@yahoo.com",
    "organization": "American Legion",
    "state": "NJ"
  },
  {
    "postNumber": "American Legion 421",
    "name": "James",
    "address": "P. Collins P.O. Box 123, East Hanover, NJ 7936",
    "phone": "(973) 428-1257",
    "email": "N/A",
    "organization": "American Legion",
    "state": "NJ"
  },
  {
    "postNumber": "American Legion 423",
    "name": "Tri-County Memorial",
    "address": "28, Legion Road Milton, NJ 7438",
    "phone": "(973) 697-7376",
    "email": "globemaster2@hotmail.com",
    "organization": "American Legion",
    "state": "NJ"
  },
  {
    "postNumber": "American Legion 450",
    "name": "Pequannock Memorial",
    "address": "11, Oak Avenue Pequannock, NJ 7440",
    "phone": "(973) 633-9356",
    "email": "linbolte@hotmail.com",
    "organization": "American Legion",
    "state": "NJ"
  },
  {
    "postNumber": "American Legion 129",
    "name": "George",
    "address": "P. Vanderveer 2025, Church Rd Toms River, NJ 8754",
    "phone": "(732) 255-9250",
    "email": "N/A",
    "organization": "American Legion",
    "state": "NJ"
  },
  {
    "postNumber": "American Legion 166",
    "name": "Lakewood",
    "address": "1256, River Ave., Lakewood, NJ 8701",
    "phone": "(732) 364-9441",
    "email": "N/A",
    "organization": "American Legion",
    "state": "NJ"
  },
  {
    "postNumber": "American Legion 196",
    "name": "Joseph J. Clifton",
    "address": "Po Box 1196, Point Pleasant Beach, NJ 8742",
    "phone": "N/A",
    "email": "N/A",
    "organization": "American Legion",
    "state": "NJ"
  },
  {
    "postNumber": "American Legion 232",
    "name": "John Wesley Taylor",
    "address": "499 Route 9 North Po Box 364, Barnegat, NJ 8005",
    "phone": "(609) 698-9876",
    "email": "N/A",
    "organization": "American Legion",
    "state": "NJ"
  },
  {
    "postNumber": "American Legion 348",
    "name": "Brick Township Memorial",
    "address": "822, Mantoloking Road Brick Town, NJ 8723",
    "phone": "(732) 477-1915",
    "email": "POST348@YAHOO.COM",
    "organization": "American Legion",
    "state": "NJ"
  },
  {
    "postNumber": "American Legion 351",
    "name": "Shore Boros",
    "address": "1400, Bay Blvd. Seaside Heights, NJ 8751",
    "phone": "(732) 250-1366",
    "email": "N/A",
    "organization": "American Legion",
    "state": "NJ"
  },
  {
    "postNumber": "American Legion 455",
    "name": "Mc Kaig Test Mullen",
    "address": "2, Meadowbrook Lane New Egypt, NJ 8533",
    "phone": "(609) 758-8131",
    "email": "N/A",
    "organization": "American Legion",
    "state": "NJ"
  },
  {
    "postNumber": "American Legion 493",
    "name": "Mystic Island",
    "address": "420, Radio Road Mystic Island, NJ 8087",
    "phone": "(609) 296-9771",
    "email": "N/A",
    "organization": "American Legion",
    "state": "NJ"
  },
  {
    "postNumber": "American Legion 502",
    "name": "Whiting",
    "address": "P.O. Box 5, Whiting, NJ 8759",
    "phone": "(732) 350-6832",
    "email": "N/A",
    "organization": "American Legion",
    "state": "NJ"
  },
  {
    "postNumber": "American Legion 504",
    "name": "Jackson No Post Home",
    "address": "P.O. Box 801, Jackson, NJ 8527",
    "phone": "(732) 363-2357",
    "email": "N/A",
    "organization": "American Legion",
    "state": "NJ"
  },
  {
    "postNumber": "American Legion 511",
    "name": "Fredrick W. Born Jr.",
    "address": "94, Stafford Ave Manahawkin, NJ 8050",
    "phone": "(609) 618-2894",
    "email": "N/A",
    "organization": "American Legion",
    "state": "NJ"
  },
  {
    "postNumber": "American Legion 517",
    "name": "Lacey Memorial",
    "address": "P.O. Box 164,, Forked River Rd No Post Home Lacey Township, NJ 8731",
    "phone": "(609) 693-8150",
    "email": "N/A",
    "organization": "American Legion",
    "state": "NJ"
  },
  {
    "postNumber": "American Legion 8",
    "name": "Quentin Roosevelt",
    "address": "16, West First Street Clifton, NJ 7011",
    "phone": "(973) 253-9933",
    "email": "N/A",
    "organization": "American Legion",
    "state": "NJ"
  },
  {
    "postNumber": "American Legion 108",
    "name": "Singac Memorial",
    "address": "591, Main Street Singac, NJ 7424",
    "phone": "(973) 256-9548",
    "email": "N/A",
    "organization": "American Legion",
    "state": "NJ"
  },
  {
    "postNumber": "American Legion 121",
    "name": "Henry Buikema",
    "address": "55, Van Ness Avenue Little Falls, NJ 7424",
    "phone": "(973) 256-9887",
    "email": "N/A",
    "organization": "American Legion",
    "state": "NJ"
  },
  {
    "postNumber": "American Legion 174",
    "name": "Anthony Wayne",
    "address": "55, Mountain View Blvd. , Wayne, NJ 7470",
    "phone": "(973) 694-9777",
    "email": "adjutant@americanlegionpost174.org",
    "organization": "American Legion",
    "state": "NJ"
  },
  {
    "postNumber": "American Legion 199",
    "name": "Hawthorne",
    "address": "1, Legion Place, Hawthorne, NJ 7506",
    "phone": "(973) 423-9702",
    "email": "info@hawthornechamber.org",
    "organization": "American Legion",
    "state": "NJ"
  },
  {
    "postNumber": "American Legion 227",
    "name": "Totowa Borough Memorial",
    "address": "180, Union Blvd., Totowa Borough, NJ 7512",
    "phone": "(973) 595-9658",
    "email": "N/A",
    "organization": "American Legion",
    "state": "NJ"
  },
  {
    "postNumber": "American Legion 238",
    "name": "West Paterson Memorial",
    "address": "410, Mt. Pleasant Ave., West Paterson, NJ 7424",
    "phone": "(973) 785-2121",
    "email": "woodlandparkveterans@gmail.com",
    "organization": "American Legion",
    "state": "NJ"
  },
  {
    "postNumber": "American Legion 240",
    "name": "Prospect Park Memorial No Post Home",
    "address": "P.O. Box 8543, Haledon, NJ 7538",
    "phone": "(973) 595-7151",
    "email": "N/A",
    "organization": "American Legion",
    "state": "NJ"
  },
  {
    "postNumber": "American Legion 246",
    "name": "Wanaque Borough Memorial",
    "address": "1109 Ringwood Ave. Po Box 39, Haskell, NJ 7420",
    "phone": "(973) 616-6445",
    "email": "N/A",
    "organization": "American Legion",
    "state": "NJ"
  },
  {
    "postNumber": "American Legion 289",
    "name": "Frank M. Sell Memorial",
    "address": "177 Lincoln Avenue Po Box 289, West Milford, NJ 7480",
    "phone": "(973) 728-9831",
    "email": "N/A",
    "organization": "American Legion",
    "state": "NJ"
  },
  {
    "postNumber": "American Legion 347",
    "name": "Clifton Memorial",
    "address": "1232, Main Avenue Clifton, NJ 7011",
    "phone": "(973) 546-9876",
    "email": "N/A",
    "organization": "American Legion",
    "state": "NJ"
  },
  {
    "postNumber": "American Legion 359",
    "name": "Rosol Dul Memorial",
    "address": "1, Wall St Passaic, NJ 7055",
    "phone": "(973) 473-2669",
    "email": "N/A",
    "organization": "American Legion",
    "state": "NJ"
  },
  {
    "postNumber": "American Legion 360",
    "name": "N/A",
    "address": "Bernard Armitage West Broadway No Post Home Paterson, NJ 7522",
    "phone": "(973) 835-3614",
    "email": "N/A",
    "organization": "American Legion",
    "state": "NJ"
  },
  {
    "postNumber": "American Legion 428",
    "name": "North Haledon Memorial",
    "address": "512, High Mountain Road North Haledon, NJ 7508",
    "phone": "(973) 775-4879",
    "email": "N/A",
    "organization": "American Legion",
    "state": "NJ"
  },
  {
    "postNumber": "American Legion 75",
    "name": "Harry",
    "address": "P. Morrison P.O. Box 292 41, Market Street Salem, NJ 8079",
    "phone": "(609) 868-0945",
    "email": "N/A",
    "organization": "American Legion",
    "state": "NJ"
  },
  {
    "postNumber": "American Legion 205",
    "name": "James Brokenbaugh",
    "address": "40, S. Smith Ave., Penns Grove, NJ 8069",
    "phone": "(856) 299-2888",
    "email": "N/A",
    "organization": "American Legion",
    "state": "NJ"
  },
  {
    "postNumber": "American Legion 297",
    "name": "Brown Moore",
    "address": "25, West Pittsfield Street Pennsville, NJ 8070",
    "phone": "(856) 678-9801",
    "email": "N/A",
    "organization": "American Legion",
    "state": "NJ"
  },
  {
    "postNumber": "American Legion 12",
    "name": "Stevenson D'Alessio",
    "address": "232, Union Avenue Somerville, NJ 8876",
    "phone": "(908) 707-0196",
    "email": "N/A",
    "organization": "American Legion",
    "state": "NJ"
  },
  {
    "postNumber": "American Legion 63",
    "name": "Giles Biondi No Post Home",
    "address": "P.O. Box 867, Bound Brook, NJ 8805",
    "phone": "(908) 227-7459",
    "email": "N/A",
    "organization": "American Legion",
    "state": "NJ"
  },
  {
    "postNumber": "American Legion 216",
    "name": "Somerset Hills",
    "address": "151 South Rt. 206,, Gladstone, NJ 7934",
    "phone": "(908) 234-1056",
    "email": "N/A",
    "organization": "American Legion",
    "state": "NJ"
  },
  {
    "postNumber": "American Legion 265",
    "name": "Ball Kirch No Post Home",
    "address": "P.O. Box 7243, North Plainfield, NJ 7060",
    "phone": "(908) 754-7636",
    "email": "N/A",
    "organization": "American Legion",
    "state": "NJ"
  },
  {
    "postNumber": "American Legion 280",
    "name": "John Basilone No Post Home",
    "address": "Po Box 124, Raritan, NJ 8869",
    "phone": "(908) 526-4419",
    "email": "N/A",
    "organization": "American Legion",
    "state": "NJ"
  },
  {
    "postNumber": "American Legion 293",
    "name": "Mantz Cavaliere",
    "address": "12, Community Place Warren Township, NJ 7060",
    "phone": "(908) 668-9375",
    "email": "alpost293@gmail.com",
    "organization": "American Legion",
    "state": "NJ"
  },
  {
    "postNumber": "American Legion 304",
    "name": "Manville",
    "address": "429, S. Main Street Manville, NJ 8835",
    "phone": "(908) 429-0304",
    "email": "N/A",
    "organization": "American Legion",
    "state": "NJ"
  },
  {
    "postNumber": "American Legion 327",
    "name": "Gerald S. Abrego",
    "address": "77, Old York Road Bridgewater, NJ 8807",
    "phone": "(908) 725-0760",
    "email": "N/A",
    "organization": "American Legion",
    "state": "NJ"
  },
  {
    "postNumber": "American Legion 363",
    "name": "Carroll Dupree",
    "address": "P.O. Box 363, South Bound Brook, NJ 8880",
    "phone": "(732) 469-8312",
    "email": "N/A",
    "organization": "American Legion",
    "state": "NJ"
  },
  {
    "postNumber": "American Legion 86",
    "name": "Lieut. Charles A. Meyer",
    "address": "20, Yates Avenue Newton, NJ 7860",
    "phone": "(973) 383-2386",
    "email": "N/A",
    "organization": "American Legion",
    "state": "NJ"
  },
  {
    "postNumber": "American Legion 132",
    "name": "Sgt. Francis M. Glynn",
    "address": "1 Sgt. Francis M. Road Po Box 114, Franklin, NJ 7416",
    "phone": "(973) 209-4211",
    "email": "N/A",
    "organization": "American Legion",
    "state": "NJ"
  },
  {
    "postNumber": "American Legion 157",
    "name": "Pvt. Peter S. Hotalen",
    "address": "325 Rt 206 S Po Box 536, Branchville, NJ 7826",
    "phone": "(973) 948-4550",
    "email": "alpost157@yahoo.com",
    "organization": "American Legion",
    "state": "NJ"
  },
  {
    "postNumber": "American Legion 213",
    "name": "Charles Auberger",
    "address": "915 Rt. 23 N. Po Box 447, Sussex, NJ 7461",
    "phone": "(973) 875-3551",
    "email": "N/A",
    "organization": "American Legion",
    "state": "NJ"
  },
  {
    "postNumber": "American Legion 278",
    "name": "Musconetcong",
    "address": "119 Rt. 183, Stanhope, NJ 7874",
    "phone": "(973) 347-5558",
    "email": "N/A",
    "organization": "American Legion",
    "state": "NJ"
  },
  {
    "postNumber": "American Legion 3",
    "name": "Martin Wallberg",
    "address": "1003, North Avenue Westfield, NJ 7090",
    "phone": "(908) 232-9689",
    "email": "post3westfield@gmail.com",
    "organization": "American Legion",
    "state": "NJ"
  },
  {
    "postNumber": "American Legion 5",
    "name": "Rahway",
    "address": "581, Maple Avenue Rahway, NJ 7065",
    "phone": "(732) 574-8179",
    "email": "RahwaySID@cityofrahway.com",
    "organization": "American Legion",
    "state": "NJ"
  },
  {
    "postNumber": "American Legion 35",
    "name": "Connecticut Farms",
    "address": "3 Bond Drive P.O.Box 1362, Union, NJ 7083",
    "phone": "(908) 688-9753",
    "email": "americanlegion@alpost35.comcastbiz.net",
    "organization": "American Legion",
    "state": "NJ"
  },
  {
    "postNumber": "American Legion 60",
    "name": "Roselle Park",
    "address": "34, E. Westfield Avenue Roselle Park, NJ 7204",
    "phone": "(908) 245-5144",
    "email": "https://www.rosellepark.net/contact/",
    "organization": "American Legion",
    "state": "NJ"
  },
  {
    "postNumber": "American Legion 102",
    "name": "Linden",
    "address": "112, West Elizabeth Ave Linden, NJ 7036",
    "phone": "(908) 862-9721",
    "email": "N/A",
    "organization": "American Legion",
    "state": "NJ"
  },
  {
    "postNumber": "American Legion 209",
    "name": "Community",
    "address": "237, Park Avenue Scotch Plains, NJ 7076",
    "phone": "(908) 322-9845",
    "email": "N/A",
    "organization": "American Legion",
    "state": "NJ"
  },
  {
    "postNumber": "American Legion 219",
    "name": "Johnson Jeter Veterans Center",
    "address": "400 E. Front S Unit 102, Plainfield, NJ 7060",
    "phone": "(908) 444-7692",
    "email": "N/A",
    "organization": "American Legion",
    "state": "NJ"
  },
  {
    "postNumber": "American Legion 228",
    "name": "Continental No Post Home",
    "address": "P.O. Box 232, Springfield, NJ 7081",
    "phone": "(973) 376-6064",
    "email": "N/A",
    "organization": "American Legion",
    "state": "NJ"
  },
  {
    "postNumber": "American Legion 229",
    "name": "Robert Red Migliore",
    "address": "115, Grove Street, Roselle, NJ 7203",
    "phone": "(908) 245-9875",
    "email": "N/A",
    "organization": "American Legion",
    "state": "NJ"
  },
  {
    "postNumber": "American Legion 322",
    "name": "Lindsey Street",
    "address": "P.O. Box 757, Summit, NJ 7902",
    "phone": "(908) 522-8700",
    "email": "N/A",
    "organization": "American Legion",
    "state": "NJ"
  },
  {
    "postNumber": "American Legion 328",
    "name": "Clark",
    "address": "78, Westfield Avenue Clark, NJ 7066",
    "phone": "(732) 574-8374",
    "email": "americanlegionclarkpost328@gmail.com",
    "organization": "American Legion",
    "state": "NJ"
  },
  {
    "postNumber": "American Legion 433",
    "name": "New Providence",
    "address": "P.O. Box 712, New Providence, NJ 7974",
    "phone": "(908) 464-9010",
    "email": "N/A",
    "organization": "American Legion",
    "state": "NJ"
  },
  {
    "postNumber": "American Legion 470",
    "name": "Kenilworth",
    "address": "238 N. - 14Th, Street Kenilworth, NJ 7033",
    "phone": "(908) 272-9747",
    "email": "N/A",
    "organization": "American Legion",
    "state": "NJ"
  },
  {
    "postNumber": "American Legion 499",
    "name": "James E. Mackie",
    "address": "59-63, W. Main Street Rahway, NJ 7065",
    "phone": "(732) 574-2818",
    "email": "N/A",
    "organization": "American Legion",
    "state": "NJ"
  },
  {
    "postNumber": "American Legion 532",
    "name": "Operating Engineers Local",
    "address": "65 Springfield Ave. 3Rd, Fl. Springfield, NJ 7081",
    "phone": "N/A",
    "email": "N/A",
    "organization": "American Legion",
    "state": "NJ"
  },
  {
    "postNumber": "American Legion 534",
    "name": "Clark",
    "address": "78, Westfield Avenue Clark, NJ 7066",
    "phone": "(732) 574-8374",
    "email": "N/A",
    "organization": "American Legion",
    "state": "NJ"
  },
  {
    "postNumber": "American Legion 103",
    "name": "Washington No Post Home",
    "address": "Po Box 211, Washington, NJ 7882",
    "phone": "(908) 453-2371",
    "email": "N/A",
    "organization": "American Legion",
    "state": "NJ"
  },
  {
    "postNumber": "American Legion 131",
    "name": "Belvidere",
    "address": "122, Greenwich Street Belvidere, NJ 7823",
    "phone": "(908) 475-5133",
    "email": "N/A",
    "organization": "American Legion",
    "state": "NJ"
  },
  {
    "postNumber": "American Legion 164",
    "name": "Blue Ridge",
    "address": "494 Willow Grove Street P.O. Box 332, Hackettstown, NJ 7840",
    "phone": "(908) 852-1629",
    "email": "Hackettstownamericanlegion@gmail.com",
    "organization": "American Legion",
    "state": "NJ"
  },
  {
    "postNumber": "American Legion 258",
    "name": "Givens Belet No Post Home",
    "address": "P.O. Box 671, Blairstown, NJ 7825",
    "phone": "(908) 362-9530",
    "email": "N/A",
    "organization": "American Legion",
    "state": "NJ"
  },
  {
    "postNumber": "American Legion 418",
    "name": "Knowlton",
    "address": "17 Kill Road Po Box 146, Columbia, NJ 7832",
    "phone": "(908) 496-4444",
    "email": "N/A",
    "organization": "American Legion",
    "state": "NJ"
  },
  {
    "postNumber": "American Legion 446",
    "name": "John Dolak",
    "address": "2107, Milford-Warren Glen Rd Bloomsbury, NJ 8804",
    "phone": "(908) 995-7897",
    "email": "N/A",
    "organization": "American Legion",
    "state": "NJ"
  },
  {
    "postNumber": "American Legion 456",
    "name": "Mecsey Bishop",
    "address": "P.O. Box 184 323, Greenwich St. Stewartsville, NJ 8886",
    "phone": "(908) 859-1736",
    "email": "N/A",
    "organization": "American Legion",
    "state": "NJ"
  },
  {
    "postNumber": "American Legion 457",
    "name": "Bernardine May",
    "address": "321, Marshall Street Phillipsburg, NJ 8865",
    "phone": "(908) 859-6256",
    "email": "N/A",
    "organization": "American Legion",
    "state": "NJ"
  },
  {
    "postNumber": "American Legion 528",
    "name": "Carl D Archer No Post Home",
    "address": "555 County Rte 519, Belvidere White Township, NJ 7823",
    "phone": "(908) 475-1755",
    "email": "N/A",
    "organization": "American Legion",
    "state": "NJ"
  }
]