[
  {
    "postNumber": "ELKS 21",
    "address": "3-5 Washington Pl, Newark, NJ",
    "phone": "(973) 643-3266",
    "email": "lfelly25@gmail.com",
    "organization": "ELKS",
    "state": "NJ"
  },
  {
    "postNumber": "ELKS 60",
    "address": "192 Market St, Elmwood Park, NJ",
    "phone": "(201) 796-9797",
    "email": "njelkslodge60@gmail.com",
    "organization": "ELKS",
    "state": "NJ"
  },
  {
    "postNumber": "ELKS 74",
    "address": "1005 Washington St, Hoboken, NJ",
    "phone": "(201) 656-9240",
    "email": "nite007007@gmail.com",
    "organization": "ELKS",
    "state": "NJ"
  },
  {
    "postNumber": "ELKS 105",
    "address": "42 Decou Ave, Ewing, NJ",
    "phone": "(609) 882-7432",
    "email": "secretarybpoe105@yahoo.com",
    "organization": "ELKS",
    "state": "NJ"
  },
  {
    "postNumber": "ELKS 128",
    "address": "3409 W Bangs Ave, Neptune, NJ",
    "phone": "(732) 455-4708",
    "email": "ywinston1931@yahoo.com",
    "organization": "ELKS",
    "state": "NJ"
  },
  {
    "postNumber": "ELKS 233",
    "address": "40 W Front St, Red Bank, NJ",
    "phone": "(732) 741-9771",
    "email": "redbankelks@gmail.com",
    "organization": "ELKS",
    "state": "NJ"
  },
  {
    "postNumber": "ELKS 324",
    "address": "40 Livingston Ave, New Brunswick, NJ",
    "phone": "(732) 249-3420",
    "email": "bon019@comcast.net",
    "organization": "ELKS",
    "state": "NJ"
  },
  {
    "postNumber": "ELKS 434",
    "address": "1005 Washington St, Hoboken, NJ",
    "phone": "(201) 656-9240",
    "email": "secretary434@gmail.com",
    "organization": "ELKS",
    "state": "NJ"
  },
  {
    "postNumber": "ELKS 547",
    "address": "48 Ames Ave, Rutherford, NJ",
    "phone": "(201) 939-9755",
    "email": "rutherfordelks@gmail.com",
    "organization": "ELKS",
    "state": "NJ"
  },
  {
    "postNumber": "ELKS 580",
    "address": "1815 E Broad St, Millville, NJ",
    "phone": "(856) 825-9854",
    "email": "BPOE580@comcast.net",
    "organization": "ELKS",
    "state": "NJ"
  },
  {
    "postNumber": "ELKS 658",
    "address": "N/A, N/A, NJ",
    "phone": "N/A",
    "email": "tzisaesq@aol.com",
    "organization": "ELKS",
    "state": "NJ"
  },
  {
    "postNumber": "ELKS 733",
    "address": "200 Bridgeton Ave, Deerfield, NJ",
    "phone": "(856) 455-8853",
    "email": "deerfield733@gmail.com",
    "organization": "ELKS",
    "state": "NJ"
  },
  {
    "postNumber": "ELKS 742",
    "address": "150 Garfield Ave, Long Branch, NJ",
    "phone": "(732) 222-9742",
    "email": "lbelks742@aol.com",
    "organization": "ELKS",
    "state": "NJ"
  },
  {
    "postNumber": "ELKS 782",
    "address": "N/A, N/A, NJ",
    "phone": "N/A",
    "email": "bpoe782@optonline.net",
    "organization": "ELKS",
    "state": "NJ"
  },
  {
    "postNumber": "ELKS 784",
    "address": "601 Washington Ave, South Amboy, NJ",
    "phone": "(732) 727-7170",
    "email": "saelks784@optimum.net",
    "organization": "ELKS",
    "state": "NJ"
  },
  {
    "postNumber": "ELKS 815",
    "address": "281 NJ-10, East Hanover, NJ",
    "phone": "(973) 386-1759",
    "email": "elks815@yahoo.com",
    "organization": "ELKS",
    "state": "NJ"
  },
  {
    "postNumber": "ELKS 848",
    "address": "116 High St, Mount Holly, NJ",
    "phone": "(609) 267-0848",
    "email": "lodge848@comcast.net",
    "organization": "ELKS",
    "state": "NJ"
  },
  {
    "postNumber": "ELKS 885",
    "address": "1 Elks Trl, Warren, NJ",
    "phone": "(908) 668-9727",
    "email": "watchunghillselks@yahoo.com",
    "organization": "ELKS",
    "state": "NJ"
  },
  {
    "postNumber": "ELKS 1050",
    "address": "601 Elm St, Kearny, NJ",
    "phone": "N/A",
    "email": "kearny1050@verizon.net",
    "organization": "ELKS",
    "state": "NJ"
  },
  {
    "postNumber": "ELKS 1068",
    "address": "375 Union Ave, Somerville, NJ",
    "phone": "(908) 725-7797",
    "email": "Somervilleelks@yahoo.com",
    "organization": "ELKS",
    "state": "NJ"
  },
  {
    "postNumber": "ELKS 1070",
    "address": "66 Wilson St, Lambertville, NJ",
    "phone": "(609) 397-2691",
    "email": "lambertville1070secretary@yahoo.com",
    "organization": "ELKS",
    "state": "NJ"
  },
  {
    "postNumber": "ELKS 1075",
    "address": "122 W Milton Ave, Rahway, NJ",
    "phone": "(732) 388-1075",
    "email": "elksrahway1075@comcast.net",
    "organization": "ELKS",
    "state": "NJ"
  },
  {
    "postNumber": "ELKS 1154",
    "address": "220 Prospect St, South Orange, NJ",
    "phone": "(973) 763-9760",
    "email": "southorangeelks@gmail.com",
    "organization": "ELKS",
    "state": "NJ"
  },
  {
    "postNumber": "ELKS 1246",
    "address": "40 Maple St, Summit, NJ",
    "phone": "(908) 273-4252",
    "email": "secretary@summitelks1246.org",
    "organization": "ELKS",
    "state": "NJ"
  },
  {
    "postNumber": "ELKS 1290",
    "address": "242 Chestnut St, Nutley, NJ",
    "phone": "(973) 235-9636",
    "email": "nutleyelks1290@verizon.net",
    "organization": "ELKS",
    "state": "NJ"
  },
  {
    "postNumber": "ELKS 1358",
    "address": "57 W Main St, Penns Grove, NJ",
    "phone": "(856) 299-9840",
    "email": "elks1358@gmail.com",
    "organization": "ELKS",
    "state": "NJ"
  },
  {
    "postNumber": "ELKS 1388",
    "address": "305 E High St, Bound Brook, NJ",
    "phone": "(732) 356-2050",
    "email": "boundbrookelkslodge1388@gmail.com",
    "organization": "ELKS",
    "state": "NJ"
  },
  {
    "postNumber": "ELKS 1405",
    "address": "125 Cornelia St, Boonton, NJ",
    "phone": "(973) 334-9625",
    "email": "boontonelks1405@gmail.com",
    "organization": "ELKS",
    "state": "NJ"
  },
  {
    "postNumber": "ELKS 1422",
    "address": "18-20 Elmer St, Vineland, NJ",
    "phone": "(856) 691-8210",
    "email": "vineland1422@aol.com",
    "organization": "ELKS",
    "state": "NJ"
  },
  {
    "postNumber": "ELKS 1432",
    "address": "711 W Kennedy Blvd, Lakewood, NJ",
    "phone": "(732) 363-9572",
    "email": "lelks1432@gmail.com",
    "organization": "ELKS",
    "state": "NJ"
  },
  {
    "postNumber": "ELKS 1454",
    "address": "73 E Main St, Freehold, NJ",
    "phone": "(732) 431-8707",
    "email": "freeholdelks@gmail.com",
    "organization": "ELKS",
    "state": "NJ"
  },
  {
    "postNumber": "ELKS 1456",
    "address": "2 50th St, Weehawken, NJ",
    "phone": "(201) 864-1456",
    "email": "weehawkenelks1456@gmail.com",
    "organization": "ELKS",
    "state": "NJ"
  },
  {
    "postNumber": "ELKS 1465",
    "address": "192 Main St, Madison, NJ",
    "phone": "(973) 377-4272",
    "email": "elksmadison1465@gmail.com",
    "organization": "ELKS",
    "state": "NJ"
  },
  {
    "postNumber": "ELKS 1477",
    "address": "40 W Church St, Bergenfield, NJ",
    "phone": "(201) 384-1477",
    "email": "tomboycejr@icloud.com",
    "organization": "ELKS",
    "state": "NJ"
  },
  {
    "postNumber": "ELKS 1488",
    "address": "N/A, N/A, NJ",
    "phone": "N/A",
    "email": "middlesexelks@aol.com",
    "organization": "ELKS",
    "state": "NJ"
  },
  {
    "postNumber": "ELKS 1505",
    "address": "251 Park Ave, Lyndhurst, NJ",
    "phone": "(201) 933-1505",
    "email": "lyndhurstelks1505@gmail.com",
    "organization": "ELKS",
    "state": "NJ"
  },
  {
    "postNumber": "ELKS 1506",
    "address": "N/A, N/A, NJ",
    "phone": "N/A",
    "email": "secretary1506@gmail.com",
    "organization": "ELKS",
    "state": "NJ"
  },
  {
    "postNumber": "ELKS 1562",
    "address": "523 Kinderkamack Rd, Westwood, NJ",
    "phone": "(201) 666-1562",
    "email": "westwoodelkslodge1562@verizon.net",
    "organization": "ELKS",
    "state": "NJ"
  },
  {
    "postNumber": "ELKS 1569",
    "address": "775 Clifton Ave, Clifton, NJ",
    "phone": "(973) 772-7015",
    "email": "elkslodge1569@aol.com",
    "organization": "ELKS",
    "state": "NJ"
  },
  {
    "postNumber": "ELKS 1583",
    "address": "281 Chestnut St, Union, NJ",
    "phone": "(908) 686-1583",
    "email": "bsieira01@yahoo.com",
    "organization": "ELKS",
    "state": "NJ"
  },
  {
    "postNumber": "ELKS 1585",
    "address": "1193 US-22, Mountainside, NJ",
    "phone": "(908) 232-9667",
    "email": "mountainsideelks1585@gmail.com",
    "organization": "ELKS",
    "state": "NJ"
  },
  {
    "postNumber": "ELKS 1698",
    "address": "820 Arnold Ave, Point Pleasant, NJ",
    "phone": "(732) 892-9843",
    "email": "mcdermotthelen711@gmail.com",
    "organization": "ELKS",
    "state": "NJ"
  },
  {
    "postNumber": "ELKS 1855",
    "address": "N/A, N/A, NJ",
    "phone": "N/A",
    "email": "elks1855@verizon.net",
    "organization": "ELKS",
    "state": "NJ"
  },
  {
    "postNumber": "ELKS 1875",
    "address": "600 Washington St, Toms River, NJ",
    "phone": "(732) 349-9717",
    "email": "secretarytrelks@hotmail.com",
    "organization": "ELKS",
    "state": "NJ"
  },
  {
    "postNumber": "ELKS 1895",
    "address": "N/A, N/A, NJ",
    "phone": "N/A",
    "email": "secretarylodge1895@gmail.com",
    "organization": "ELKS",
    "state": "NJ"
  },
  {
    "postNumber": "ELKS 1896",
    "address": "109 W 1st Ave, North Wildwood, NJ",
    "phone": "(609) 729-2170",
    "email": "secretary@elks1896.com",
    "organization": "ELKS",
    "state": "NJ"
  },
  {
    "postNumber": "ELKS 1914",
    "address": "87 Middlesex Ave (Rt 27), Metuchen, NJ",
    "phone": "(732) 494-3557",
    "email": "secretary@metuchenelks.org",
    "organization": "ELKS",
    "state": "NJ"
  },
  {
    "postNumber": "ELKS 1928",
    "address": "165 NJ-31, Flemington, NJ",
    "phone": "(908) 782-2010",
    "email": "elks1928@gmail.com",
    "organization": "ELKS",
    "state": "NJ"
  },
  {
    "postNumber": "ELKS 1941",
    "address": "N/A, N/A, NJ",
    "phone": "N/A",
    "email": "mahelks1941@gmail.com",
    "organization": "ELKS",
    "state": "NJ"
  },
  {
    "postNumber": "ELKS 1955",
    "address": "110 Hickory Corner Rd, East Windsor, NJ",
    "phone": "(609) 448-9794",
    "email": "hightstownelks@gmail.com",
    "organization": "ELKS",
    "state": "NJ"
  },
  {
    "postNumber": "ELKS 1962",
    "address": "128 Baldwin Ave, Hasbrouck Heights, NJ",
    "phone": "(201) 288-8838",
    "email": "hhelks1962@gmail.com",
    "organization": "ELKS",
    "state": "NJ"
  },
  {
    "postNumber": "ELKS 1992",
    "address": "129-131 Ridge Rd, North Arlington, NJ",
    "phone": "(201) 997-1992",
    "email": "elks1992@comcast.net",
    "organization": "ELKS",
    "state": "NJ"
  },
  {
    "postNumber": "ELKS 2001",
    "address": "200 N State Rt 17, Paramus, NJ",
    "phone": "(201) 262-5533",
    "email": "2001secretary@optonline.net",
    "organization": "ELKS",
    "state": "NJ"
  },
  {
    "postNumber": "ELKS 2004",
    "address": "N/A, N/A, NJ",
    "phone": "N/A",
    "email": "elksSH2004@gmail.com",
    "organization": "ELKS",
    "state": "NJ"
  },
  {
    "postNumber": "ELKS 2006",
    "address": "951 Lincoln Ave E, Cranford, NJ",
    "phone": "(908) 276-9724",
    "email": "kmmcgeehan@yahoo.com",
    "organization": "ELKS",
    "state": "NJ"
  },
  {
    "postNumber": "ELKS 2030",
    "address": "N/A, N/A, NJ",
    "phone": "N/A",
    "email": "kmsecretary2030@yahoo.com",
    "organization": "ELKS",
    "state": "NJ"
  },
  {
    "postNumber": "ELKS 2078",
    "address": "230 Parsippany Rd, Parsippany, NJ",
    "phone": "(973) 884-2078",
    "email": "parsippanyelks@gmail.com",
    "organization": "ELKS",
    "state": "NJ"
  },
  {
    "postNumber": "ELKS 2085",
    "address": "N/A, N/A, NJ",
    "phone": "N/A",
    "email": "bpoe2085@verizon.net",
    "organization": "ELKS",
    "state": "NJ"
  },
  {
    "postNumber": "ELKS 2111",
    "address": "1 Fellner Pl, Totowa, NJ",
    "phone": "(973) 942-2111",
    "email": "Elks2111hall@gmail.com",
    "organization": "ELKS",
    "state": "NJ"
  },
  {
    "postNumber": "ELKS 2116",
    "address": "665 Rahway Ave, Woodbridge, NJ",
    "phone": "(732) 634-2116",
    "email": "wbge2116@gmail.com",
    "organization": "ELKS",
    "state": "NJ"
  },
  {
    "postNumber": "ELKS 2119",
    "address": "1500 Brooks Blvd, Hillsborough, NJ",
    "phone": "(908) 725-1717",
    "email": "secretarybpoe2119@hotmail.com",
    "organization": "ELKS",
    "state": "NJ"
  },
  {
    "postNumber": "ELKS 2129",
    "address": "354 County Rd 518, Skillman, NJ",
    "phone": "(908) 359-9820",
    "email": "exalted-ruler@princetonelks2129.com",
    "organization": "ELKS",
    "state": "NJ"
  },
  {
    "postNumber": "ELKS 2132",
    "address": "350\u2013398 S Broad St, Clayton, NJ",
    "phone": "(856) 863-1733",
    "email": "33fwest@gmail.com",
    "organization": "ELKS",
    "state": "NJ"
  },
  {
    "postNumber": "ELKS 2151",
    "address": "2491 Old Hooper Ave, Brick, NJ",
    "phone": "(732) 477-2850",
    "email": "babspag@gmail.com",
    "organization": "ELKS",
    "state": "NJ"
  },
  {
    "postNumber": "ELKS 2167",
    "address": "33 Ramapo Valley Rd, Oakland, NJ",
    "phone": "(201) 337-2170",
    "email": "oaklandelks2167@gmail.com",
    "organization": "ELKS",
    "state": "NJ"
  },
  {
    "postNumber": "ELKS 2179",
    "address": "251 Church St, Belford, NJ",
    "phone": "(732) 787-9668",
    "email": "hahnpvp@gmail.com",
    "organization": "ELKS",
    "state": "NJ"
  },
  {
    "postNumber": "ELKS 2180",
    "address": "N/A, N/A, NJ",
    "phone": "N/A",
    "email": "politicsgal@verizon.net",
    "organization": "ELKS",
    "state": "NJ"
  },
  {
    "postNumber": "ELKS 2181",
    "address": "50 Hinchman Ave, Wayne, NJ",
    "phone": "(973) 696-1253",
    "email": "brianhpvp2181@gmail.com",
    "organization": "ELKS",
    "state": "NJ"
  },
  {
    "postNumber": "ELKS 2229",
    "address": "N/A, N/A, NJ",
    "phone": "N/A",
    "email": "oldbridge2229@optimum.net",
    "organization": "ELKS",
    "state": "NJ"
  },
  {
    "postNumber": "ELKS 2234",
    "address": "13 Sulak Ln, Park Ridge, NJ",
    "phone": "(201) 391-9796",
    "email": "parkridgeelks2234@gmail.com",
    "organization": "ELKS",
    "state": "NJ"
  },
  {
    "postNumber": "ELKS 2235",
    "address": "223 Roosevelt Ave, Carteret, NJ",
    "phone": "(732) 541-2880",
    "email": "carteretelks2235@verizon.net",
    "organization": "ELKS",
    "state": "NJ"
  },
  {
    "postNumber": "ELKS 2236",
    "address": "1860 Union Valley Rd, West Milford, NJ",
    "phone": "(973) 728-2236",
    "email": "jtip@optonline.net",
    "organization": "ELKS",
    "state": "NJ"
  },
  {
    "postNumber": "ELKS 2237",
    "address": "405 Bowden Rd, Cedar Grove, NJ",
    "phone": "(973) 239-9761",
    "email": "elks2237news@aol.com",
    "organization": "ELKS",
    "state": "NJ"
  },
  {
    "postNumber": "ELKS 2262",
    "address": "1580 Kuser Rd, Hamilton, NJ",
    "phone": "(609) 585-9610",
    "email": "treasurer.2262@outlook.com",
    "organization": "ELKS",
    "state": "NJ"
  },
  {
    "postNumber": "ELKS 2271",
    "address": "20 Franklin St, Tenafly, NJ",
    "phone": "(201) 568-1700",
    "email": "tenafly2271@yahoo.com",
    "organization": "ELKS",
    "state": "NJ"
  },
  {
    "postNumber": "ELKS 2281",
    "address": "N/A, N/A, NJ",
    "phone": "N/A",
    "email": "sussexelks2288@gmail.com",
    "organization": "ELKS",
    "state": "NJ"
  },
  {
    "postNumber": "ELKS 2282",
    "address": "855 Middlesex Tpke, Colonia, NJ",
    "phone": "(732) 382-2282",
    "email": "emprn@comcast.net",
    "organization": "ELKS",
    "state": "NJ"
  },
  {
    "postNumber": "ELKS 2290",
    "address": "1 Patrolman Ray Woods Dr, New Milford, NJ",
    "phone": "(201) 262-8873",
    "email": "elks.lodge2290@gmail.com",
    "organization": "ELKS",
    "state": "NJ"
  },
  {
    "postNumber": "ELKS 2298",
    "address": "1254 New Market Rd, South Plainfield, NJ",
    "phone": "(908) 668-9750",
    "email": "southplainfieldelks@gmail.com",
    "organization": "ELKS",
    "state": "NJ"
  },
  {
    "postNumber": "ELKS 2304",
    "address": "148 Railroad Ave, Closter, NJ",
    "phone": "(201) 768-2284",
    "email": "2304secretary@gmail.com",
    "organization": "ELKS",
    "state": "NJ"
  },
  {
    "postNumber": "ELKS 2326",
    "address": "406-408 Harrison Ave, Harrison, NJ",
    "phone": "(973) 485-9478",
    "email": "larrybee1953@yahoo.com",
    "organization": "ELKS",
    "state": "NJ"
  },
  {
    "postNumber": "ELKS 2331",
    "address": "210 Mountain Ave, Hackettstown, NJ",
    "phone": "(908) 852-9723",
    "email": "waeschle@optonline.net",
    "organization": "ELKS",
    "state": "NJ"
  },
  {
    "postNumber": "ELKS 2340",
    "address": "520 Hilliard Blvd, Manahawkin, NJ",
    "phone": "(609) 597-1107",
    "email": "melk2340@gmail.com",
    "organization": "ELKS",
    "state": "NJ"
  },
  {
    "postNumber": "ELKS 2356",
    "address": "6 W Shore Trl, Sparta, NJ",
    "phone": "(973) 729-9775",
    "email": "spartaelkslodge2356@gmail.com",
    "organization": "ELKS",
    "state": "NJ"
  },
  {
    "postNumber": "ELKS 2370",
    "address": "21-A Oakmont Ave, East Brunswick, NJ",
    "phone": "(732) 523-8487",
    "email": "webmaster@ebelks.com",
    "organization": "ELKS",
    "state": "NJ"
  },
  {
    "postNumber": "ELKS 2392",
    "address": "1138 Valley Rd, Stirling, NJ",
    "phone": "(908) 647-9744",
    "email": "stirlingelks@gmail.com",
    "organization": "ELKS",
    "state": "NJ"
  },
  {
    "postNumber": "ELKS 2394",
    "address": "247 Atlantic City Blvd, Bayville, NJ",
    "phone": "(732) 269-9822",
    "email": "elks2394@gmail.com",
    "organization": "ELKS",
    "state": "NJ"
  },
  {
    "postNumber": "ELKS 2402",
    "address": "216 Broad St, Eatontown, NJ",
    "phone": "(732) 542-9738",
    "email": "darmiller1017@gmail.com",
    "organization": "ELKS",
    "state": "NJ"
  },
  {
    "postNumber": "ELKS 2414",
    "address": "450 River Rd, Piscataway, NJ",
    "phone": "(732) 356-9827",
    "email": "piscatawayelks@gmail.com",
    "organization": "ELKS",
    "state": "NJ"
  },
  {
    "postNumber": "ELKS 2428",
    "address": "400 W Shore Dr, Brigantine, NJ",
    "phone": "(609) 266-9826",
    "email": "info@brigantineelks.com",
    "organization": "ELKS",
    "state": "NJ"
  },
  {
    "postNumber": "ELKS 2434",
    "address": "211 Sidney Rd, Pittstown, NJ",
    "phone": "(908) 735-5932",
    "email": "clintonelks@gmail.com",
    "organization": "ELKS",
    "state": "NJ"
  },
  {
    "postNumber": "ELKS 2457",
    "address": "105 Lakewood Rd, New Egypt, NJ",
    "phone": "(609) 758-8700",
    "email": "neelks2457@yahoo.com",
    "organization": "ELKS",
    "state": "NJ"
  },
  {
    "postNumber": "ELKS 2475",
    "address": "N/A, N/A, NJ",
    "phone": "N/A",
    "email": "elkslodge2475@gmail.com",
    "organization": "ELKS",
    "state": "NJ"
  },
  {
    "postNumber": "ELKS 2487",
    "address": "375 Old Post Rd, Edison, NJ",
    "phone": "(732) 985-2487",
    "email": "2487secretary@gmail.com",
    "organization": "ELKS",
    "state": "NJ"
  },
  {
    "postNumber": "ELKS 2514",
    "address": "426 Evesboro-Medford Rd, Marlton, NJ",
    "phone": "(856) 983-3557",
    "email": "marltonelks@gmail.com",
    "organization": "ELKS",
    "state": "NJ"
  },
  {
    "postNumber": "ELKS 2515",
    "address": "84 Ramtown-Greenville Rd, Howell, NJ",
    "phone": "(732) 458-2515",
    "email": "HowellSecretary@gmail.com",
    "organization": "ELKS",
    "state": "NJ"
  },
  {
    "postNumber": "ELKS 2518",
    "address": "900 Beach Blvd, Forked River, NJ",
    "phone": "(609) 693-9831",
    "email": "dan.martin20@aol.com",
    "organization": "ELKS",
    "state": "NJ"
  },
  {
    "postNumber": "ELKS 2534",
    "address": "17 Stockton Lake Blvd, Manasquan, NJ",
    "phone": "(732) 528-2555",
    "email": "squansecretary@gmail.com",
    "organization": "ELKS",
    "state": "NJ"
  },
  {
    "postNumber": "ELKS 2550",
    "address": "315 Green St, Beverly, NJ",
    "phone": "(609) 387-7711",
    "email": "elkslodge2550@gmail.com",
    "organization": "ELKS",
    "state": "NJ"
  },
  {
    "postNumber": "ELKS 2563",
    "address": "1815 Mays Landing Rd, Egg Harbor Township, NJ",
    "phone": "(609) 641-1166",
    "email": "eht2563@comcast.net",
    "organization": "ELKS",
    "state": "NJ"
  },
  {
    "postNumber": "ELKS 2593",
    "address": "15 American Legion Ter, Dumont, NJ",
    "phone": "(201) 384-9485",
    "email": "dumontelks@gmail.com",
    "organization": "ELKS",
    "state": "NJ"
  },
  {
    "postNumber": "ELKS 2613",
    "address": "22 Burnt Tavern Rd, Clarksburg, NJ",
    "phone": "(609) 259-8911",
    "email": "millstoneelks@gmail.com",
    "organization": "ELKS",
    "state": "NJ"
  },
  {
    "postNumber": "ELKS 2708",
    "address": "2000 Almonesson Rd, Deptford, NJ",
    "phone": "(856) 227-1721",
    "email": "deptfordelks2708@verizon.net",
    "organization": "ELKS",
    "state": "NJ"
  },
  {
    "postNumber": "ELKS 2744",
    "address": "1059 Toms River Rd, Jackson, NJ",
    "phone": "(732) 363-0024",
    "email": "jacksonelks2744@gmail.com",
    "organization": "ELKS",
    "state": "NJ"
  },
  {
    "postNumber": "ELKS 2839",
    "address": "N/A, N/A, NJ",
    "phone": "N/A",
    "email": "elks2839@gmail.com",
    "organization": "ELKS",
    "state": "NJ"
  },
  {
    "postNumber": "ELKS 2845",
    "address": "120 S New York Rd, Galloway, NJ",
    "phone": "(609) 965-1996",
    "email": "gallowayelks2845@comcast.net",
    "organization": "ELKS",
    "state": "NJ"
  }
]