[
  {
    "postNumber": "VFW 133",
    "address": "485 Cranbury Rd, East Brunswick, NJ",
    "phone": "(732) 254-8864",
    "email": "N/A",
    "organization": "VFW",
    "state": "NJ"
  },
  {
    "postNumber": "VFW 192",
    "address": "620 Cliff St, Ho Ho Kus, NJ",
    "phone": "(201) 445-1732",
    "email": "N/A",
    "organization": "VFW",
    "state": "NJ"
  },
  {
    "postNumber": "VFW 215",
    "address": "601 N Dorset Ave, Ventnor City, NJ",
    "phone": "(609) 822-9799",
    "email": "N/A",
    "organization": "VFW",
    "state": "NJ"
  },
  {
    "postNumber": "VFW 220",
    "address": "601 Rt 50, Mays Landing, NJ",
    "phone": "(609) 625-7594",
    "email": "N/A",
    "organization": "VFW",
    "state": "NJ"
  },
  {
    "postNumber": "VFW 226",
    "address": "16 W 9th St, Bayonne, NJ",
    "phone": "(201) 858-1416",
    "email": "N/A",
    "organization": "VFW",
    "state": "NJ"
  },
  {
    "postNumber": "VFW 262",
    "address": "11 Veterans Ln, Monroe Township, NJ",
    "phone": "(609) 655-3916",
    "email": "N/A",
    "organization": "VFW",
    "state": "NJ"
  },
  {
    "postNumber": "VFW 303",
    "address": "317 Church Rd, Sicklerville, NJ",
    "phone": "(856) 629-8281",
    "email": "sgtronwrighr@gmail.com",
    "organization": "VFW",
    "state": "NJ"
  },
  {
    "postNumber": "VFW 335",
    "address": "479 South Ave E, Cranford, NJ",
    "phone": "(908) 276-9730",
    "email": "N/A",
    "organization": "VFW",
    "state": "NJ"
  },
  {
    "postNumber": "VFW 386",
    "address": "419 Congress St, Cape May, NJ",
    "phone": "(609) 884-7961",
    "email": "N/A",
    "organization": "VFW",
    "state": "NJ"
  },
  {
    "postNumber": "VFW 493",
    "address": "271 Darling Ave, Nutley, NJ",
    "phone": "(973) 661-8484",
    "email": "N/A",
    "organization": "VFW",
    "state": "NJ"
  },
  {
    "postNumber": "VFW 679",
    "address": "275 Wilmer St, Glassboro, NJ",
    "phone": "(856) 881-4110",
    "email": "N/A",
    "organization": "VFW",
    "state": "NJ"
  },
  {
    "postNumber": "VFW 711",
    "address": "369 Broughton Ave, Bloomfield, NJ",
    "phone": "(973) 748-4412",
    "email": "N/A",
    "organization": "VFW",
    "state": "NJ"
  },
  {
    "postNumber": "VFW 809",
    "address": "100 Main St, Little Ferry, NJ",
    "phone": "(201) 440-9153",
    "email": "Post809vfw@gmail.com",
    "organization": "VFW",
    "state": "NJ"
  },
  {
    "postNumber": "VFW 1270",
    "address": "2324 Penn St, Pennsauken, NJ",
    "phone": "(856) 665-0990",
    "email": "N/A",
    "organization": "VFW",
    "state": "NJ"
  },
  {
    "postNumber": "VFW 1302",
    "address": "300 Belgrove Dr, Kearny, NJ",
    "phone": "(201) 998-9444",
    "email": "N/A",
    "organization": "VFW",
    "state": "NJ"
  },
  {
    "postNumber": "VFW 1333",
    "address": "1515 Corlies Ave, Neptune, NJ",
    "phone": "(732) 774-6669",
    "email": "N/A",
    "organization": "VFW",
    "state": "NJ"
  },
  {
    "postNumber": "VFW 1397",
    "address": "20 Pennsylvania Ave, Linden, NJ",
    "phone": "(908) 862-7193",
    "email": "N/A",
    "organization": "VFW",
    "state": "NJ"
  },
  {
    "postNumber": "VFW 1838",
    "address": "30 Ridge Ave, Manasquan, NJ",
    "phone": "(732) 223-0433",
    "email": "info@manasquanvfw.com",
    "organization": "VFW",
    "state": "NJ"
  },
  {
    "postNumber": "VFW 1963",
    "address": "301 JFK Blvd, Sea Isle City, NJ",
    "phone": "(609) 263-0162",
    "email": "vfwpost1963@comcast.net",
    "organization": "VFW",
    "state": "NJ"
  },
  {
    "postNumber": "VFW 2179",
    "address": "1 Veterans Ln, Port Monmouth, NJ",
    "phone": "(732) 787-9753",
    "email": "N/A",
    "organization": "VFW",
    "state": "NJ"
  },
  {
    "postNumber": "VFW 2189",
    "address": "500 Bethel Rd, Somers Point, NJ",
    "phone": "(609) 927-0152",
    "email": "N/A",
    "organization": "VFW",
    "state": "NJ"
  },
  {
    "postNumber": "VFW 2230",
    "address": "33 S 21st St, Kenilworth, NJ",
    "phone": "(908) 276-9769",
    "email": "N/A",
    "organization": "VFW",
    "state": "NJ"
  },
  {
    "postNumber": "VFW 2290",
    "address": "600 Washington Ave, Manville, NJ",
    "phone": "(908) 725-9518",
    "email": "N/A",
    "organization": "VFW",
    "state": "NJ"
  },
  {
    "postNumber": "VFW 2294",
    "address": "3130 Kennedy Blvd, Jersey City, NJ",
    "phone": "(201) 656-9882",
    "email": "vfwpost2294@gmail.com",
    "organization": "VFW",
    "state": "NJ"
  },
  {
    "postNumber": "VFW 2342",
    "address": "1000 Center Ave, Fort Lee, NJ",
    "phone": "(201) 947-9730",
    "email": "klm552@aol.com",
    "organization": "VFW",
    "state": "NJ"
  },
  {
    "postNumber": "VFW 2445",
    "address": "914 Main St, Maple Shade, NJ",
    "phone": "(856) 779-8950",
    "email": "N/A",
    "organization": "VFW",
    "state": "NJ"
  },
  {
    "postNumber": "VFW 2639",
    "address": "1515 Corlies Ave, Neptune, NJ",
    "phone": "(732) 774-6669",
    "email": "N/A",
    "organization": "VFW",
    "state": "NJ"
  },
  {
    "postNumber": "VFW 2648",
    "address": "510 76th St, North Bergen, NJ",
    "phone": "(201) 868-9449",
    "email": "N/A",
    "organization": "VFW",
    "state": "NJ"
  },
  {
    "postNumber": "VFW 2692",
    "address": "199 Fairview St, Mount Holly, NJ",
    "phone": "(609) 267-9830",
    "email": "N/A",
    "organization": "VFW",
    "state": "NJ"
  },
  {
    "postNumber": "VFW 3020",
    "address": "1125 S Fairview St, Riverside, NJ",
    "phone": "(856) 461-3327",
    "email": "vfwpost3020@outlook.com",
    "organization": "VFW",
    "state": "NJ"
  },
  {
    "postNumber": "VFW 3022",
    "address": "389 Brunswick Ave, Lawrence Twp, NJ",
    "phone": "(609) 394-3400",
    "email": "N/A",
    "organization": "VFW",
    "state": "NJ"
  },
  {
    "postNumber": "VFW 3117",
    "address": "53 National Rd, Edison, NJ",
    "phone": "(732) 985-9733",
    "email": "N/A",
    "organization": "VFW",
    "state": "NJ"
  },
  {
    "postNumber": "VFW 3324",
    "address": "16 E 6th Ave, Runnemede, NJ",
    "phone": "(856) 939-1945",
    "email": "N/A",
    "organization": "VFW",
    "state": "NJ"
  },
  {
    "postNumber": "VFW 3401",
    "address": "45 Tabor Rd, Morris Plains, NJ",
    "phone": "(973) 538-7530",
    "email": "webmaster@morrisplainsboro.org",
    "organization": "VFW",
    "state": "NJ"
  },
  {
    "postNumber": "VFW 3484",
    "address": "44 Market St, Saddle Brook, NJ",
    "phone": "(201) 843-5011",
    "email": "N/A",
    "organization": "VFW",
    "state": "NJ"
  },
  {
    "postNumber": "VFW 3525",
    "address": "77 Christine Ave, Trenton, NJ",
    "phone": "(609) 396-5395",
    "email": "N/A",
    "organization": "VFW",
    "state": "NJ"
  },
  {
    "postNumber": "VFW 3776",
    "address": "1402 Paterson Plank Rd, Secaucus, NJ",
    "phone": "(201) 865-9440",
    "email": "commander@secaucusvfw.org",
    "organization": "VFW",
    "state": "NJ"
  },
  {
    "postNumber": "VFW 4290",
    "address": "267 Madison Ave, New Milford, NJ",
    "phone": "(201) 265-7392",
    "email": "N/A",
    "organization": "VFW",
    "state": "NJ"
  },
  {
    "postNumber": "VFW 4374",
    "address": "50 Waterworks Rd, Freehold, NJ",
    "phone": "(732) 462-4896",
    "email": "N/A",
    "organization": "VFW",
    "state": "NJ"
  },
  {
    "postNumber": "VFW 4463",
    "address": "2125 Chestnut St, Oaklyn, NJ",
    "phone": "(856) 854-9552",
    "email": "N/A",
    "organization": "VFW",
    "state": "NJ"
  },
  {
    "postNumber": "VFW 4589",
    "address": "33 Daniel Rd, Spotswood, NJ",
    "phone": "(732) 251-9862",
    "email": "N/A",
    "organization": "VFW",
    "state": "NJ"
  },
  {
    "postNumber": "VFW 4591",
    "address": "513 Veterans Pl, Hasbrouck Heights, NJ",
    "phone": "(201) 288-1112",
    "email": "vfwpost4591@gmail.com",
    "organization": "VFW",
    "state": "NJ"
  },
  {
    "postNumber": "VFW 4697",
    "address": "222 River Rd, North Arlington, NJ",
    "phone": "(201) 991-9641",
    "email": "aalhojr@comcast.net",
    "organization": "VFW",
    "state": "NJ"
  },
  {
    "postNumber": "VFW 4703",
    "address": "54 Magnolia Dr, Jackson, NJ",
    "phone": "(732) 928-0077",
    "email": "Jackson_VFW_4703@yahoo.com",
    "organization": "VFW",
    "state": "NJ"
  },
  {
    "postNumber": "VFW 4715",
    "address": "603 St Louis Ave, Point Pleasant Beach, NJ",
    "phone": "(732) 899-4936",
    "email": "N/A",
    "organization": "VFW",
    "state": "NJ"
  },
  {
    "postNumber": "VFW 4745",
    "address": "699 Cliffwood Ave, Cliffwood Beach, NJ",
    "phone": "(732) 566-9280",
    "email": "N/A",
    "organization": "VFW",
    "state": "NJ"
  },
  {
    "postNumber": "VFW 5082",
    "address": "58 Union St, Lodi, NJ",
    "phone": "(973) 772-1204",
    "email": "N/A",
    "organization": "VFW",
    "state": "NJ"
  },
  {
    "postNumber": "VFW 5343",
    "address": "6 E Delaware Pkwy, Villas, NJ",
    "phone": "(609) 886-7967",
    "email": "N/A",
    "organization": "VFW",
    "state": "NJ"
  },
  {
    "postNumber": "VFW 5360",
    "address": "85 Mill St, Newton, NJ",
    "phone": "(973) 383-9945",
    "email": "N/A",
    "organization": "VFW",
    "state": "NJ"
  },
  {
    "postNumber": "VFW 5481",
    "address": "45 Changebridge Rd, Pine Brook, NJ",
    "phone": "(973) 227-2325",
    "email": "vfwpost5481@gmail.com",
    "organization": "VFW",
    "state": "NJ"
  },
  {
    "postNumber": "VFW 5579",
    "address": "10 Memorial Ave, Gibbstown, NJ",
    "phone": "(856) 423-1033",
    "email": "N/A",
    "organization": "VFW",
    "state": "NJ"
  },
  {
    "postNumber": "VFW 6192",
    "address": "100 Gunther Ave, Township of Washington, NJ",
    "phone": "(201) 664-9442",
    "email": "N/A",
    "organization": "VFW",
    "state": "NJ"
  },
  {
    "postNumber": "VFW 6253",
    "address": "34 Chestnut Ave, Berlin, NJ",
    "phone": "(856) 767-9848",
    "email": "berlinauxilary@yahoo.com",
    "organization": "VFW",
    "state": "NJ"
  },
  {
    "postNumber": "VFW 6257",
    "address": "556 Woodbine Ave, Woodbine, NJ",
    "phone": "(609) 861-2888",
    "email": "N/A",
    "organization": "VFW",
    "state": "NJ"
  },
  {
    "postNumber": "VFW 6259",
    "address": "15 Locust Ave, Berkeley Heights, NJ",
    "phone": "(908) 464-9830",
    "email": "N/A",
    "organization": "VFW",
    "state": "NJ"
  },
  {
    "postNumber": "VFW 6332",
    "address": "10 Kennedy Blvd, Turnersville, NJ",
    "phone": "(856) 228-9825",
    "email": "N/A",
    "organization": "VFW",
    "state": "NJ"
  },
  {
    "postNumber": "VFW 6467",
    "address": "211 Washington Ave, Bergenfield, NJ",
    "phone": "(201) 387-9277",
    "email": "N/A",
    "organization": "VFW",
    "state": "NJ"
  },
  {
    "postNumber": "VFW 6650",
    "address": "1501 Bay Ave, Ocean City, NJ",
    "phone": "(609) 398-1221",
    "email": "N/A",
    "organization": "VFW",
    "state": "NJ"
  },
  {
    "postNumber": "VFW 6902",
    "address": "331 Bay Ave, Highlands, NJ",
    "phone": "(732) 872-0666",
    "email": "N/A",
    "organization": "VFW",
    "state": "NJ"
  },
  {
    "postNumber": "VFW 6964",
    "address": "121 31st St S, Brigantine, NJ",
    "phone": "(609) 266-9813",
    "email": "N/A",
    "organization": "VFW",
    "state": "NJ"
  },
  {
    "postNumber": "VFW 7164",
    "address": "7164 Rahway Ave, Avenel, NJ",
    "phone": "(732) 634-9649",
    "email": "N/A",
    "organization": "VFW",
    "state": "NJ"
  },
  {
    "postNumber": "VFW 7165",
    "address": "491 Valley Rd, Clifton, NJ",
    "phone": "(973) 772-6810",
    "email": "N/A",
    "organization": "VFW",
    "state": "NJ"
  },
  {
    "postNumber": "VFW 7198",
    "address": "58 Veterans Pl, Hewitt, NJ",
    "phone": "(973) 728-0054",
    "email": "N/A",
    "organization": "VFW",
    "state": "NJ"
  },
  {
    "postNumber": "VFW 7333",
    "address": "103 Carrell Rd, Randolph, NJ",
    "phone": "(973) 366-7139",
    "email": "N/A",
    "organization": "VFW",
    "state": "NJ"
  },
  {
    "postNumber": "VFW 7508",
    "address": "17 Bordentown Ave, Old Bridge, NJ",
    "phone": "(732) 727-1761",
    "email": "cmd@vfw7508.org",
    "organization": "VFW",
    "state": "NJ"
  },
  {
    "postNumber": "VFW 7677",
    "address": "317 Church Rd, Medford, NJ",
    "phone": "(609) 654-9823",
    "email": "N/A",
    "organization": "VFW",
    "state": "NJ"
  },
  {
    "postNumber": "VFW 7679",
    "address": "8 New York Ave, Mantua, NJ",
    "phone": "(856) 468-8166",
    "email": "N/A",
    "organization": "VFW",
    "state": "NJ"
  },
  {
    "postNumber": "VFW 7858",
    "address": "55 Peapack Rd, Far Hills, NJ",
    "phone": "(908) 781-9750",
    "email": "N/A",
    "organization": "VFW",
    "state": "NJ"
  },
  {
    "postNumber": "VFW 7925",
    "address": "45 Plymouth St, Fairfield, NJ",
    "phone": "(973) 227-6128",
    "email": "N/A",
    "organization": "VFW",
    "state": "NJ"
  },
  {
    "postNumber": "VFW 8005",
    "address": "100 Veterans Pl, South Hackensack, NJ",
    "phone": "(201) 440-6769",
    "email": "N/A",
    "organization": "VFW",
    "state": "NJ"
  },
  {
    "postNumber": "VFW 8098",
    "address": "3029 Fire Rd, Egg Harbor Twp, NJ",
    "phone": "(609) 569-0250",
    "email": "N/A",
    "organization": "VFW",
    "state": "NJ"
  },
  {
    "postNumber": "VFW 8371",
    "address": "600 Courtyard Dr, Hillsborough, NJ",
    "phone": "(908) 359-5060",
    "email": "N/A",
    "organization": "VFW",
    "state": "NJ"
  },
  {
    "postNumber": "VFW 8714",
    "address": "10 Colfax Ave, Glendora, NJ",
    "phone": "(856) 939-6971",
    "email": "N/A",
    "organization": "VFW",
    "state": "NJ"
  },
  {
    "postNumber": "VFW 8840",
    "address": "7 Church St, Penns Grove, NJ",
    "phone": "(856) 299-3300",
    "email": "N/A",
    "organization": "VFW",
    "state": "NJ"
  },
  {
    "postNumber": "VFW 8867",
    "address": "373 Adamston Rd, Brick, NJ",
    "phone": "(732) 477-0866",
    "email": "VFWPOST8867QM@Gmail.com",
    "organization": "VFW",
    "state": "NJ"
  },
  {
    "postNumber": "VFW 9111",
    "address": "11 Henderson Rd, Kendall Park, NJ",
    "phone": "(732) 297-8946",
    "email": "N/A",
    "organization": "VFW",
    "state": "NJ"
  },
  {
    "postNumber": "VFW 9503",
    "address": "383 Veterans Blvd, Bayville, NJ",
    "phone": "(732) 269-2265",
    "email": "N/A",
    "organization": "VFW",
    "state": "NJ"
  },
  {
    "postNumber": "VFW 9563",
    "address": "510 Essex Ave, Bellmawr, NJ",
    "phone": "(856) 931-9434",
    "email": "N/A",
    "organization": "VFW",
    "state": "NJ"
  },
  {
    "postNumber": "VFW 9691",
    "address": "10 Old Tavern Rd, Howell, NJ",
    "phone": "(732) 938-9750",
    "email": "N/A",
    "organization": "VFW",
    "state": "NJ"
  },
  {
    "postNumber": "VFW 10061",
    "address": "26 Union Ave, Lakehurst, NJ",
    "phone": "(732) 657-9652",
    "email": "vfw10061nj@gmail.com",
    "organization": "VFW",
    "state": "NJ"
  },
  {
    "postNumber": "VFW 10092",
    "address": "850 W Bay Ave, Barnegat, NJ",
    "phone": "(609) 698-3344",
    "email": "N/A",
    "organization": "VFW",
    "state": "NJ"
  },
  {
    "postNumber": "VFW 10117",
    "address": "156 Lexington Ave, Passaic, NJ",
    "phone": "(973) 779-5601",
    "email": "N/A",
    "organization": "VFW",
    "state": "NJ"
  },
  {
    "postNumber": "VFW 10886",
    "address": "200 National Park Dr, Swedesboro, NJ",
    "phone": "(856) 467-2428",
    "email": "N/A",
    "organization": "VFW",
    "state": "NJ"
  },
  {
    "postNumber": "VFW 12165",
    "address": "77 Christine Ave, Trenton, NJ",
    "phone": "(609) 396-5395",
    "email": "N/A",
    "organization": "VFW",
    "state": "NJ"
  },
  {
    "postNumber": "VFW 12173",
    "address": "200 Veterans Blvd, Tuckerton, NJ",
    "phone": "(609) 296-3344",
    "email": "N/A",
    "organization": "VFW",
    "state": "NJ"
  }
]