[
  {
    "postNumber": "VFW 44",
    "address": "22 Teft Ave, Clifton Springs, NY 14432",
    "phone": "(585) 369-9721",
    "email": "vfwpost44@gmail.com",
    "organization": "VFW",
    "state": "NY"
  },
  {
    "postNumber": "VFW 95",
    "address": "3960 Orloff Ave, Bronx, NY 10463",
    "phone": "(718) 549-9870",
    "email": "N/A",
    "organization": "VFW",
    "state": "NY"
  },
  {
    "postNumber": "VFW 170",
    "address": "1 Violet Ave, Poughkeepsie, NY 12601",
    "phone": "(845) 452-5407",
    "email": "N/A",
    "organization": "VFW",
    "state": "NY"
  },
  {
    "postNumber": "VFW 205",
    "address": "1 Legion Dr, East Aurora, NY 14052",
    "phone": "(716) 652-9862",
    "email": "cmdr@kentonpost205.org",
    "organization": "VFW",
    "state": "NY"
  },
  {
    "postNumber": "VFW 313",
    "address": "434 3rd St, Youngstown, NY 14174",
    "phone": "(716) 246-1076",
    "email": "VFWPost313@gmail.com",
    "organization": "VFW",
    "state": "NY"
  },
  {
    "postNumber": "VFW 357",
    "address": "1241 State St, Schenectady, NY 12304",
    "phone": "(518) 355-7263",
    "email": "N/A",
    "organization": "VFW",
    "state": "NY"
  },
  {
    "postNumber": "VFW 358",
    "address": "68 E North St, Ballston Spa, NY 12020",
    "phone": "(518) 885-8580",
    "email": "N/A",
    "organization": "VFW",
    "state": "NY"
  },
  {
    "postNumber": "VFW 369",
    "address": "5931 Scenic Ave, Mexico, NY 13114",
    "phone": "(315) 963-8304",
    "email": "N/A",
    "organization": "VFW",
    "state": "NY"
  },
  {
    "postNumber": "VFW 375",
    "address": "10 Huber Pl, Yonkers, NY 10704",
    "phone": "(914) 751-3411",
    "email": "N/A",
    "organization": "VFW",
    "state": "NY"
  },
  {
    "postNumber": "VFW 395",
    "address": "460 Lake Ave, Saint James, NY 11780",
    "phone": "(631) 250-9463",
    "email": "N/A",
    "organization": "VFW",
    "state": "NY"
  },
  {
    "postNumber": "VFW 412",
    "address": "412 Ballantyne Rd, Rochester, NY 14623",
    "phone": "(585) 315-6791",
    "email": "N/A",
    "organization": "VFW",
    "state": "NY"
  },
  {
    "postNumber": "VFW 414",
    "address": "437 Main St, Center Moriches, NY 11934",
    "phone": "(631) 878-4908",
    "email": "post414commander@alpost414nj.org",
    "organization": "VFW",
    "state": "NY"
  },
  {
    "postNumber": "VFW 420",
    "address": "190 Excelsior Ave, Saratoga Springs, NY 12866",
    "phone": "(518) 584-9686",
    "email": "mcpo4@nycap.rr.com",
    "organization": "VFW",
    "state": "NY"
  },
  {
    "postNumber": "VFW 433",
    "address": "400 Lakeland Ave, Sayville, NY 11782",
    "phone": "(631) 589-4863",
    "email": "N/A",
    "organization": "VFW",
    "state": "NY"
  },
  {
    "postNumber": "VFW 516",
    "address": "635 Main St, Farmingdale, NY 11735",
    "phone": "(516) 314-6449",
    "email": "N/A",
    "organization": "VFW",
    "state": "NY"
  },
  {
    "postNumber": "VFW 551",
    "address": "60-41 Maspeth Ave, Middle Village, NY 11378",
    "phone": "(718) 326-6707",
    "email": "N/A",
    "organization": "VFW",
    "state": "NY"
  },
  {
    "postNumber": "VFW 569",
    "address": "216 Cayuga St",
    "phone": "(315) 592-9041",
    "email": "N/A",
    "organization": "VFW",
    "state": "NY"
  },
  {
    "postNumber": "VFW 672",
    "address": "262 Peaceable Hill Rd, Brewster, NY 10509",
    "phone": "(845) 279-6969",
    "email": "brewsterbugle@gmail.com",
    "organization": "VFW",
    "state": "NY"
  },
  {
    "postNumber": "VFW 745",
    "address": "2001 Himrod Rd",
    "phone": "(315) 536-8222",
    "email": "N/A",
    "organization": "VFW",
    "state": "NY"
  },
  {
    "postNumber": "VFW 770",
    "address": "539 Main St",
    "phone": "(518) 943-9874",
    "email": "N/A",
    "organization": "VFW",
    "state": "NY"
  },
  {
    "postNumber": "VFW 942",
    "address": "2495 State Hwy 30A, Fonda, NY 12068",
    "phone": "(518) 853-8932",
    "email": "N/A",
    "organization": "VFW",
    "state": "NY"
  },
  {
    "postNumber": "VFW 947",
    "address": "26 Sodus St, Clyde, NY 14433",
    "phone": "(315) 923-5351",
    "email": "info@clydevfw.com",
    "organization": "VFW",
    "state": "NY"
  },
  {
    "postNumber": "VFW 951",
    "address": "5366 Caughdenoy Rd, Clay, NY 13041",
    "phone": "(315) 699-8405",
    "email": "N/A",
    "organization": "VFW",
    "state": "NY"
  },
  {
    "postNumber": "VFW 1156",
    "address": "1288 Boston Post Rd",
    "phone": "(914) 833-2000",
    "email": "tca_ussf@yahoo.com",
    "organization": "VFW",
    "state": "NY"
  },
  {
    "postNumber": "VFW 1161",
    "address": "179 Eleventh St",
    "phone": "(845) 561-1777",
    "email": "richielay57@yahoo.com",
    "organization": "VFW",
    "state": "NY"
  },
  {
    "postNumber": "VFW 1206",
    "address": "279 Chestnut St",
    "phone": "(607) 267-4619",
    "email": "N/A",
    "organization": "VFW",
    "state": "NY"
  },
  {
    "postNumber": "VFW 1323",
    "address": "47 Fall St",
    "phone": "(315) 568-6334",
    "email": "N/A",
    "organization": "VFW",
    "state": "NY"
  },
  {
    "postNumber": "VFW 1371",
    "address": "207 Main St",
    "phone": "(607) 687-1371",
    "email": "N/A",
    "organization": "VFW",
    "state": "NY"
  },
  {
    "postNumber": "VFW 1384",
    "address": "675 W Park Ave",
    "phone": "(516) 432-9138",
    "email": "N/A",
    "organization": "VFW",
    "state": "NY"
  },
  {
    "postNumber": "VFW 1386",
    "address": "708 E Chester St",
    "phone": "(845) 338-2676",
    "email": "vfwpost1386@msn.com",
    "organization": "VFW",
    "state": "NY"
  },
  {
    "postNumber": "VFW 1400",
    "address": "231 Bellew Ave, Watertown, NY 13601",
    "phone": "(315) 788-2945",
    "email": "N/A",
    "organization": "VFW",
    "state": "NY"
  },
  {
    "postNumber": "VFW 1419",
    "address": "2985 Lakeview Rd, Hamburg, NY 14075",
    "phone": "(716) 648-2618",
    "email": "N/A",
    "organization": "VFW",
    "state": "NY"
  },
  {
    "postNumber": "VFW 1449",
    "address": "103 Nanticoke Ave",
    "phone": "(607) 785-7071",
    "email": "N/A",
    "organization": "VFW",
    "state": "NY"
  },
  {
    "postNumber": "VFW 1469",
    "address": "210 W Pulaski Rd, Huntington Station, NY 11746",
    "phone": "(631) 421-0535",
    "email": "Vfwpost1469@aol.com",
    "organization": "VFW",
    "state": "NY"
  },
  {
    "postNumber": "VFW 1498",
    "address": "1605A Route 9",
    "phone": "(518) 373-1498",
    "email": "N/A",
    "organization": "VFW",
    "state": "NY"
  },
  {
    "postNumber": "VFW 1545",
    "address": "5565 State Route 23",
    "phone": "(518) 734-9630",
    "email": "N/A",
    "organization": "VFW",
    "state": "NY"
  },
  {
    "postNumber": "VFW 1574",
    "address": "286 Willow Ave",
    "phone": "(718) 447-5041",
    "email": "albert.porto38@gmail.com",
    "organization": "VFW",
    "state": "NY"
  },
  {
    "postNumber": "VFW 1619",
    "address": "212 N Union St",
    "phone": "(716) 373-0350",
    "email": "N/A",
    "organization": "VFW",
    "state": "NY"
  },
  {
    "postNumber": "VFW 1666",
    "address": "110 Main St, Yonkers, NY 10701",
    "phone": "(914) 965-8600",
    "email": "N/A",
    "organization": "VFW",
    "state": "NY"
  },
  {
    "postNumber": "VFW 1819",
    "address": "29 Mohegan Ave, Port Washington, NY 11050",
    "phone": "(516) 767-1552",
    "email": "webmaster@portwashingtonvfw.org",
    "organization": "VFW",
    "state": "NY"
  },
  {
    "postNumber": "VFW 1895",
    "address": "609 Draper Ave, Schenectady, NY 12306",
    "phone": "(518) 382-1669",
    "email": "N/A",
    "organization": "VFW",
    "state": "NY"
  },
  {
    "postNumber": "VFW 1896",
    "address": "90-14 101st Ave, Ozone Park, NY 11416",
    "phone": "(718) 441-6468",
    "email": "N/A",
    "organization": "VFW",
    "state": "NY"
  },
  {
    "postNumber": "VFW 2064",
    "address": "209 Main St, Maybrook, NY 12543",
    "phone": "(845) 427-5881",
    "email": "N/A",
    "organization": "VFW",
    "state": "NY"
  },
  {
    "postNumber": "VFW 2246",
    "address": "8530 Old Floyd Rd, Rome, NY 13440",
    "phone": "(315) 339-4711",
    "email": "VFW2246@gmail.com",
    "organization": "VFW",
    "state": "NY"
  },
  {
    "postNumber": "VFW 2307",
    "address": "235 Merrick Rd, Lynbrook, NY 11563",
    "phone": "(516) 594-2307",
    "email": "N/A",
    "organization": "VFW",
    "state": "NY"
  },
  {
    "postNumber": "VFW 2348",
    "address": "31-35 41st St, Astoria, NY 11103",
    "phone": "(917) 204-4689",
    "email": "N/A",
    "organization": "VFW",
    "state": "NY"
  },
  {
    "postNumber": "VFW 2475",
    "address": "30 Cooper St, Glens Falls, NY 12801",
    "phone": "(518) 761-5554",
    "email": "N/A",
    "organization": "VFW",
    "state": "NY"
  },
  {
    "postNumber": "VFW 2476",
    "address": "621 Pulaski St, Riverhead, NY 11901",
    "phone": "(631) 727-2226",
    "email": "N/A",
    "organization": "VFW",
    "state": "NY"
  },
  {
    "postNumber": "VFW 2912",
    "address": "PO Box 414, Wheatley Heights, NY 11798-0414",
    "phone": "(631) 491-9703",
    "email": "N/A",
    "organization": "VFW",
    "state": "NY"
  },
  {
    "postNumber": "VFW 2913",
    "address": "32 Edwards St, Patchogue, NY 11772",
    "phone": "(631) 207-0993",
    "email": "N/A",
    "organization": "VFW",
    "state": "NY"
  },
  {
    "postNumber": "VFW 2937",
    "address": "507 Long Island Ave, Medford, NY 11763",
    "phone": "(631) 569-5179",
    "email": "N/A",
    "organization": "VFW",
    "state": "NY"
  },
  {
    "postNumber": "VFW 3054",
    "address": "8 Jones St, East Setauket, NY 11733",
    "phone": "(631) 751-5541",
    "email": "N/A",
    "organization": "VFW",
    "state": "NY"
  },
  {
    "postNumber": "VFW 3083",
    "address": "363 McLean Ave, Yonkers, NY 10705",
    "phone": "(914) 964-6993",
    "email": "N/A",
    "organization": "VFW",
    "state": "NY"
  },
  {
    "postNumber": "VFW 3275",
    "address": "27 Orchard St",
    "phone": "(518) 993-3555",
    "email": "chief002@citlink.net",
    "organization": "VFW",
    "state": "NY"
  },
  {
    "postNumber": "VFW 3350",
    "address": "164 Main St, East Rockaway, NY 11518",
    "phone": "(516) 887-8170",
    "email": "N/A",
    "organization": "VFW",
    "state": "NY"
  },
  {
    "postNumber": "VFW 4658",
    "address": "344 Dorsey Rd",
    "phone": "(585) 732-6461",
    "email": "smeleca@rochester.rr.com",
    "organization": "VFW",
    "state": "NY"
  },
  {
    "postNumber": "VFW 4660",
    "address": "36 Lakehill Rd, Burnt Hills, NY 12027",
    "phone": "(518) 399-3399",
    "email": "N/A",
    "organization": "VFW",
    "state": "NY"
  },
  {
    "postNumber": "VFW 4662",
    "address": "154 NY-94 S, Warwick, NY 10990",
    "phone": "(845) 988-8387",
    "email": "N/A",
    "organization": "VFW",
    "state": "NY"
  },
  {
    "postNumber": "VFW 4927",
    "address": "34 Lamport Ave, Port Jefferson Station, NY 11776",
    "phone": "(631) 585-7390",
    "email": "N/A",
    "organization": "VFW",
    "state": "NY"
  },
  {
    "postNumber": "VFW 4947",
    "address": "26 VFW Rd",
    "phone": "(607) 244-7000",
    "email": "N/A",
    "organization": "VFW",
    "state": "NY"
  },
  {
    "postNumber": "VFW 5253",
    "address": "155 Searingtown Rd, Albertson, NY 11507",
    "phone": "(516) 833-7536",
    "email": "N/A",
    "organization": "VFW",
    "state": "NY"
  },
  {
    "postNumber": "VFW 5260",
    "address": "650 E Main St",
    "phone": "(716) 592-7378",
    "email": "N/A",
    "organization": "VFW",
    "state": "NY"
  },
  {
    "postNumber": "VFW 5298",
    "address": "143-17 Springfield Blvd, Springfield Gardens, NY 11413",
    "phone": "(718) 525-7655",
    "email": "N/A",
    "organization": "VFW",
    "state": "NY"
  },
  {
    "postNumber": "VFW 5350",
    "address": "101 Old Riverhead Rd, Westhampton Beach, NY 11978",
    "phone": "(631) 653-9898",
    "email": "N/A",
    "organization": "VFW",
    "state": "NY"
  },
  {
    "postNumber": "VFW 5465",
    "address": "260 Middle Rd, Henrietta, NY 14467",
    "phone": "(585) 334-8228",
    "email": "N/A",
    "organization": "VFW",
    "state": "NY"
  },
  {
    "postNumber": "VFW 5796",
    "address": "40 Church St, Kings Park, NY 11754",
    "phone": "(631) 663-3092",
    "email": "kingsparkvfw@gmail.com",
    "organization": "VFW",
    "state": "NY"
  },
  {
    "postNumber": "VFW 5806",
    "address": "181 Grand St, Brooklyn, NY 11211",
    "phone": "(718) 388-1948",
    "email": "N/A",
    "organization": "VFW",
    "state": "NY"
  },
  {
    "postNumber": "VFW 5861",
    "address": "3007 Bowen Rd",
    "phone": "(716) 714-9899",
    "email": "N/A",
    "organization": "VFW",
    "state": "NY"
  },
  {
    "postNumber": "VFW 5913",
    "address": "77 Veterans Dr, Wappingers Falls, NY 12590",
    "phone": "(845) 297-9714",
    "email": "N/A",
    "organization": "VFW",
    "state": "NY"
  },
  {
    "postNumber": "VFW 5933",
    "address": "7425 NY-66, Ghent, NY 12075",
    "phone": "(518) 392-2720",
    "email": "N/A",
    "organization": "VFW",
    "state": "NY"
  },
  {
    "postNumber": "VFW 5942",
    "address": "1221 Old Country Rd, Plainview, NY 11803",
    "phone": "(516) 433-5303",
    "email": "N/A",
    "organization": "VFW",
    "state": "NY"
  },
  {
    "postNumber": "VFW 6083",
    "address": "113 Keefe St",
    "phone": "(607) 732-7145",
    "email": "N/A",
    "organization": "VFW",
    "state": "NY"
  },
  {
    "postNumber": "VFW 6196",
    "address": "32 Luzerne Rd, Queensbury, NY 12804",
    "phone": "(518) 761-5554",
    "email": "N/A",
    "organization": "VFW",
    "state": "NY"
  },
  {
    "postNumber": "VFW 6200",
    "address": "7083 Deerlick Springs Rd, Ovid, NY 14521",
    "phone": "(607) 869-3931",
    "email": "N/A",
    "organization": "VFW",
    "state": "NY"
  },
  {
    "postNumber": "VFW 6249",
    "address": "109 King Rd, Rocky Point, NY 11778",
    "phone": "(631) 744-9106",
    "email": "vfw6249@yahoo.com",
    "organization": "VFW",
    "state": "NY"
  },
  {
    "postNumber": "VFW 6251",
    "address": "2450 Walden Ave, Lancaster, NY 14086",
    "phone": "(716) 684-3465",
    "email": "post6251@outlook.com",
    "organization": "VFW",
    "state": "NY"
  },
  {
    "postNumber": "VFW 6338",
    "address": "100 W Main St, Gouverneur, NY 13642",
    "phone": "(315) 287-2120",
    "email": "vfwpost6338@centralny.twcbc.com",
    "organization": "VFW",
    "state": "NY"
  },
  {
    "postNumber": "VFW 6390",
    "address": "2556 Main Rd",
    "phone": "(716) 672-6011",
    "email": "N/A",
    "organization": "VFW",
    "state": "NY"
  },
  {
    "postNumber": "VFW 6394",
    "address": "20 Queens St, Syosset, NY 11791",
    "phone": "(516) 921-7956",
    "email": "N/A",
    "organization": "VFW",
    "state": "NY"
  },
  {
    "postNumber": "VFW 6396",
    "address": "159 Gramatan Ave, Mount Vernon, NY 10550",
    "phone": "(914) 699-9511",
    "email": "N/A",
    "organization": "VFW",
    "state": "NY"
  },
  {
    "postNumber": "VFW 6530",
    "address": "77 Main St",
    "phone": "(315) 371-7829",
    "email": "N/A",
    "organization": "VFW",
    "state": "NY"
  },
  {
    "postNumber": "VFW 6764",
    "address": "33 Cross St, Westfield, NY 14787",
    "phone": "(716) 326-2613",
    "email": "N/A",
    "organization": "VFW",
    "state": "NY"
  },
  {
    "postNumber": "VFW 6776",
    "address": "525 Delaware Ave",
    "phone": "(518) 465-9349",
    "email": "N/A",
    "organization": "VFW",
    "state": "NY"
  },
  {
    "postNumber": "VFW 6811",
    "address": "4928 Spring Rd, Verona, NY 13478",
    "phone": "(315) 363-9327",
    "email": "N/A",
    "organization": "VFW",
    "state": "NY"
  },
  {
    "postNumber": "VFW 7062",
    "address": "988 Altamont Blvd, Altamont, NY 12009",
    "phone": "(518) 861-8327",
    "email": "N/A",
    "organization": "VFW",
    "state": "NY"
  },
  {
    "postNumber": "VFW 7096",
    "address": "304 E 23rd St, New York, NY 10010",
    "phone": "(212) 685-1190",
    "email": "N/A",
    "organization": "VFW",
    "state": "NY"
  },
  {
    "postNumber": "VFW 7172",
    "address": "49 The Boulevard",
    "phone": "(718) 447-5041",
    "email": "N/A",
    "organization": "VFW",
    "state": "NY"
  },
  {
    "postNumber": "VFW 7227",
    "address": "668 West End Ave, Carthage, NY 13619",
    "phone": "(315) 493-2028",
    "email": "N/A",
    "organization": "VFW",
    "state": "NY"
  },
  {
    "postNumber": "VFW 7279",
    "address": "55 W Hoffman Ave, Lindenhurst, NY 11757",
    "phone": "(631) 226-8211",
    "email": "N/A",
    "organization": "VFW",
    "state": "NY"
  },
  {
    "postNumber": "VFW 7289",
    "address": "4815 Salina St",
    "phone": "(315) 298-2660",
    "email": "N/A",
    "organization": "VFW",
    "state": "NY"
  },
  {
    "postNumber": "VFW 7337",
    "address": "570 Columbia Tpke, East Greenbush, NY 12061",
    "phone": "(518) 477-7770",
    "email": "N/A",
    "organization": "VFW",
    "state": "NY"
  },
  {
    "postNumber": "VFW 7414",
    "address": "93 S Main St",
    "phone": "(585) 394-8625",
    "email": "N/A",
    "organization": "VFW",
    "state": "NY"
  },
  {
    "postNumber": "VFW 7466",
    "address": "25 Veterans St, Poestenkill, NY 12140",
    "phone": "(518) 283-4661",
    "email": "N/A",
    "organization": "VFW",
    "state": "NY"
  },
  {
    "postNumber": "VFW 7487",
    "address": "112 S Water St",
    "phone": "(716) 405-7232",
    "email": "N/A",
    "organization": "VFW",
    "state": "NY"
  },
  {
    "postNumber": "VFW 7545",
    "address": "110 Elgin St, Tonawanda, NY 14150",
    "phone": "(716) 877-8873",
    "email": "vfwpost7545@gmail.com",
    "organization": "VFW",
    "state": "NY"
  },
  {
    "postNumber": "VFW 7552",
    "address": "Rte 22",
    "phone": "(518) 789-4769",
    "email": "N/A",
    "organization": "VFW",
    "state": "NY"
  },
  {
    "postNumber": "VFW 7765",
    "address": "30 Elizabeth St, Red Hook, NY 12571",
    "phone": "(845) 758-6212",
    "email": "N/A",
    "organization": "VFW",
    "state": "NY"
  },
  {
    "postNumber": "VFW 7967",
    "address": "13116 Main St",
    "phone": "(716) 697-1361",
    "email": "N/A",
    "organization": "VFW",
    "state": "NY"
  },
  {
    "postNumber": "VFW 8265",
    "address": "2551 March Rd",
    "phone": "(716) 992-9400",
    "email": "N/A",
    "organization": "VFW",
    "state": "NY"
  },
  {
    "postNumber": "VFW 8300",
    "address": "330 N Dunton Ave",
    "phone": "N/A",
    "email": "N/A",
    "organization": "VFW",
    "state": "NY"
  },
  {
    "postNumber": "VFW 8328",
    "address": "257 Veterans Rd, Yorktown Heights, NY 10598",
    "phone": "(914) 962-2885",
    "email": "N/A",
    "organization": "VFW",
    "state": "NY"
  },
  {
    "postNumber": "VFW 8440",
    "address": "610 Bridge St, Bridgeport, NY 13030",
    "phone": "(315) 633-2554",
    "email": "N/A",
    "organization": "VFW",
    "state": "NY"
  },
  {
    "postNumber": "VFW 8495",
    "address": "300 Macedon Center Rd, Fairport, NY 14450",
    "phone": "(585) 223-9723",
    "email": "N/A",
    "organization": "VFW",
    "state": "NY"
  },
  {
    "postNumber": "VFW 8534",
    "address": "19 Salina St, Lacona, NY 13083",
    "phone": "(315) 387-5572",
    "email": "N/A",
    "organization": "VFW",
    "state": "NY"
  },
  {
    "postNumber": "VFW 8690",
    "address": "19 1st Ave, Broadalbin, NY 12025",
    "phone": "(518) 883-3517",
    "email": "N/A",
    "organization": "VFW",
    "state": "NY"
  },
  {
    "postNumber": "VFW 8692",
    "address": "343 2nd St, Albany, NY 12206",
    "phone": "(518) 463-6083",
    "email": "N/A",
    "organization": "VFW",
    "state": "NY"
  },
  {
    "postNumber": "VFW 9008",
    "address": "30 Legion Rd, Millbrook, NY 12545",
    "phone": "(845) 677-5325",
    "email": "N/A",
    "organization": "VFW",
    "state": "NY"
  },
  {
    "postNumber": "VFW 9249",
    "address": "2121 Grand Island Blvd, Grand Island, NY 14072",
    "phone": "(716) 773-6343",
    "email": "N/A",
    "organization": "VFW",
    "state": "NY"
  },
  {
    "postNumber": "VFW 9257",
    "address": "195 E Main St, Patterson, NY 12563",
    "phone": "(845) 878-7245",
    "email": "N/A",
    "organization": "VFW",
    "state": "NY"
  },
  {
    "postNumber": "VFW 9483",
    "address": "2121 County Line Rd, Webster, NY 14580",
    "phone": "(585) 671-4897",
    "email": "N/A",
    "organization": "VFW",
    "state": "NY"
  },
  {
    "postNumber": "VFW 9486",
    "address": "55 Lake Shore Rd",
    "phone": "(631) 467-6686",
    "email": "N/A",
    "organization": "VFW",
    "state": "NY"
  },
  {
    "postNumber": "VFW 9592",
    "address": "55 Hickory Ln, Levittown, NY 11756",
    "phone": "(516) 579-4420",
    "email": "N/A",
    "organization": "VFW",
    "state": "NY"
  },
  {
    "postNumber": "VFW 9596",
    "address": "6996 E Taft Rd, East Syracuse, NY 13057",
    "phone": "(315) 656-9596",
    "email": "VFW9596Newsletter@gmail.com",
    "organization": "VFW",
    "state": "NY"
  },
  {
    "postNumber": "VFW 12033",
    "address": "PO Box 38",
    "phone": "(845) 548-0277",
    "email": "fdnyvfwcomms@gmail.com",
    "organization": "VFW",
    "state": "NY"
  },
  {
    "postNumber": "VFW 12144",
    "address": "1218 Old Nichols Rd",
    "phone": "(631) 664-4286",
    "email": "N/A",
    "organization": "VFW",
    "state": "NY"
  }
]