[
  {
    "postNumber": "VFW 20",
    "address": "43 Liberty St, Newtown, PA",
    "phone": "(215) 968-9922",
    "email": "N/A",
    "organization": "VFW",
    "state": "PA"
  },
  {
    "postNumber": "VFW 32",
    "address": "805 West Main St, Lansdale, PA",
    "phone": "(215) 699-7992",
    "email": "N/A",
    "organization": "VFW",
    "state": "PA"
  },
  {
    "postNumber": "VFW 33",
    "address": "132 N Main St, Greensburg, PA",
    "phone": "(724) 837-3391",
    "email": "info.vfwpost133@gmail.com",
    "organization": "VFW",
    "state": "PA"
  },
  {
    "postNumber": "VFW 43",
    "address": "118 South Market St, Martinsburg, PA",
    "phone": "(814) 793-9354",
    "email": "N/A",
    "organization": "VFW",
    "state": "PA"
  },
  {
    "postNumber": "VFW 92",
    "address": "1611 Wildlife Lodge Rd, New Kensington, PA",
    "phone": "(724) 339-6690",
    "email": "N/A",
    "organization": "VFW",
    "state": "PA"
  },
  {
    "postNumber": "VFW 106",
    "address": "837 Lincoln Ave, West Chester, PA",
    "phone": "(610) 696-1117",
    "email": "vfwpost106@aol.com",
    "organization": "VFW",
    "state": "PA"
  },
  {
    "postNumber": "VFW 148",
    "address": "401 N 37th St, Harrisburg, PA",
    "phone": "(717) 545-3839",
    "email": "N/A",
    "organization": "VFW",
    "state": "PA"
  },
  {
    "postNumber": "VFW 175",
    "address": "608 Easton Rd, Doylestown, PA",
    "phone": "(215) 343-6379",
    "email": "matthew.john.fisher@gmail.com",
    "organization": "VFW",
    "state": "PA"
  },
  {
    "postNumber": "VFW 212",
    "address": "95 Barbour St, Bradford, PA",
    "phone": "(814) 368-2541",
    "email": "acavrp@hotmail.com",
    "organization": "VFW",
    "state": "PA"
  },
  {
    "postNumber": "VFW 214",
    "address": "1902 Sundeman St, Pittsburgh, PA",
    "phone": "(412) 231-9457",
    "email": "VFWpost214.pgh@gmail.com",
    "organization": "VFW",
    "state": "PA"
  },
  {
    "postNumber": "VFW 245",
    "address": "301 W Park Ave, Sellersville, PA",
    "phone": "(215) 257-9846",
    "email": "N/A",
    "organization": "VFW",
    "state": "PA"
  },
  {
    "postNumber": "VFW 287",
    "address": "406 W 13th Ave, Coatesville, PA",
    "phone": "(610) 384-1450",
    "email": "N/A",
    "organization": "VFW",
    "state": "PA"
  },
  {
    "postNumber": "VFW 402",
    "address": "412 Mulberry St, Coraopolis, PA",
    "phone": "(412) 264-3706",
    "email": "N/A",
    "organization": "VFW",
    "state": "PA"
  },
  {
    "postNumber": "VFW 464",
    "address": "219 Seneca St, Oil City, PA",
    "phone": "(814) 676-5912",
    "email": "N/A",
    "organization": "VFW",
    "state": "PA"
  },
  {
    "postNumber": "VFW 470",
    "address": "1808 W 26th St, Erie, PA",
    "phone": "(814) 456-1339",
    "email": "sales@vfwpost470.org",
    "organization": "VFW",
    "state": "PA"
  },
  {
    "postNumber": "VFW 477",
    "address": "2104 W Trindle Rd, Carlisle, PA",
    "phone": "(717) 258-4412",
    "email": "N/A",
    "organization": "VFW",
    "state": "PA"
  },
  {
    "postNumber": "VFW 537",
    "address": "1095 Pines Rd, Etters, PA",
    "phone": "(717) 938-9281",
    "email": "vfwettters@gmail.com",
    "organization": "VFW",
    "state": "PA"
  },
  {
    "postNumber": "VFW 556",
    "address": "333 N Eberts Ln, York, PA",
    "phone": "(717) 854-4710",
    "email": "info@vfwpost556.org",
    "organization": "VFW",
    "state": "PA"
  },
  {
    "postNumber": "VFW 586",
    "address": "637 Millers Run Rd, Cuddy, PA",
    "phone": "(412) 257-2499",
    "email": "N/A",
    "organization": "VFW",
    "state": "PA"
  },
  {
    "postNumber": "VFW 676",
    "address": "2519 Jenkintown Rd, Glenside, PA",
    "phone": "(215) 576-9023",
    "email": "N/A",
    "organization": "VFW",
    "state": "PA"
  },
  {
    "postNumber": "VFW 695",
    "address": "324 E Main St, Waynesboro, PA",
    "phone": "(717) 762-6365",
    "email": "N/A",
    "organization": "VFW",
    "state": "PA"
  },
  {
    "postNumber": "VFW 739",
    "address": "202 Veterans Rd, Bangor, PA",
    "phone": "(610) 588-5555",
    "email": "N/A",
    "organization": "VFW",
    "state": "PA"
  },
  {
    "postNumber": "VFW 740",
    "address": "10613 Route 98, Edinboro, PA",
    "phone": "(814) 734-2797",
    "email": "t@harvest912.org",
    "organization": "VFW",
    "state": "PA"
  },
  {
    "postNumber": "VFW 764",
    "address": "460 Valleybrook Rd, Mc Murray, PA",
    "phone": "(724) 941-3358",
    "email": "vfwpost764@gmail.com",
    "organization": "VFW",
    "state": "PA"
  },
  {
    "postNumber": "VFW 803",
    "address": "460 Miller Ave, Clairton, PA",
    "phone": "(412) 233-9761",
    "email": "N/A",
    "organization": "VFW",
    "state": "PA"
  },
  {
    "postNumber": "VFW 813",
    "address": "188 W Long Ave, Du Bois, PA",
    "phone": "(814) 371-6131",
    "email": "N/A",
    "organization": "VFW",
    "state": "PA"
  },
  {
    "postNumber": "VFW 821",
    "address": "1408 W Front St, Berwick, PA",
    "phone": "(570) 759-9963",
    "email": "vfw821@outlook.com",
    "organization": "VFW",
    "state": "PA"
  },
  {
    "postNumber": "VFW 845",
    "address": "844 E Lancaster Ave, Downingtown, PA",
    "phone": "(610) 269-9787",
    "email": "QM@vfw845.org",
    "organization": "VFW",
    "state": "PA"
  },
  {
    "postNumber": "VFW 879",
    "address": "331 Mars-Evans City Rd, Harmony, PA",
    "phone": "(724) 452-3990",
    "email": "vfwpost879@zoominternet.net",
    "organization": "VFW",
    "state": "PA"
  },
  {
    "postNumber": "VFW 894",
    "address": "894 Veterans Dr, Natrona Heights, PA",
    "phone": "(724) 224-9912",
    "email": "N/A",
    "organization": "VFW",
    "state": "PA"
  },
  {
    "postNumber": "VFW 914",
    "address": "650 Noble Dr, West Mifflin, PA",
    "phone": "(412) 461-1181",
    "email": "N/A",
    "organization": "VFW",
    "state": "PA"
  },
  {
    "postNumber": "VFW 1063",
    "address": "4625 N 5th St, Philadelphia, PA",
    "phone": "(215) 329-0913",
    "email": "N/A",
    "organization": "VFW",
    "state": "PA"
  },
  {
    "postNumber": "VFW 1074",
    "address": "300 Fayette St, Conshohocken, PA",
    "phone": "(610) 828-8530",
    "email": "vfwpost1074@gmail.com",
    "organization": "VFW",
    "state": "PA"
  },
  {
    "postNumber": "VFW 1227",
    "address": "492 Stephenson St, Duryea, PA",
    "phone": "(570) 457-9116",
    "email": "N/A",
    "organization": "VFW",
    "state": "PA"
  },
  {
    "postNumber": "VFW 1338",
    "address": "1234 Hall Ave, Sharon, PA",
    "phone": "(724) 342-9714",
    "email": "vfw1338@vfwonline.net",
    "organization": "VFW",
    "state": "PA"
  },
  {
    "postNumber": "VFW 1446",
    "address": "815 W Broadway, Red Lion, PA",
    "phone": "(717) 246-2555",
    "email": "rox_usn_07@hotmail.com",
    "organization": "VFW",
    "state": "PA"
  },
  {
    "postNumber": "VFW 1463",
    "address": "14 N Spruce St, Lititz, PA",
    "phone": "(717) 626-9902",
    "email": "vfwpost1463@dejazzd.com",
    "organization": "VFW",
    "state": "PA"
  },
  {
    "postNumber": "VFW 1532",
    "address": "287-289 Market St, Sunbury, PA",
    "phone": "(570) 286-7961",
    "email": "james.a.rice14@gmail.com",
    "organization": "VFW",
    "state": "PA"
  },
  {
    "postNumber": "VFW 1599",
    "address": "747 S 4th St, Chambersburg, PA",
    "phone": "(717) 263-2454",
    "email": "N/A",
    "organization": "VFW",
    "state": "PA"
  },
  {
    "postNumber": "VFW 1600",
    "address": "114 N Spring St, Bellefonte, PA",
    "phone": "(814) 355-7786",
    "email": "N/A",
    "organization": "VFW",
    "state": "PA"
  },
  {
    "postNumber": "VFW 1620",
    "address": "5435 Midland Rd, Middletown, PA",
    "phone": "(717) 944-7125",
    "email": "amy_krouse@yahoo.com",
    "organization": "VFW",
    "state": "PA"
  },
  {
    "postNumber": "VFW 1711",
    "address": "1152 Old York Rd, Jenkintown, PA",
    "phone": "(215) 884-7992",
    "email": "JenkintownVFW1711@gmail.com",
    "organization": "VFW",
    "state": "PA"
  },
  {
    "postNumber": "VFW 1810",
    "address": "1000 Chartiers Ave, Pittsburgh, PA",
    "phone": "(412) 921-7181",
    "email": "jodawal1948@gmail.com",
    "organization": "VFW",
    "state": "PA"
  },
  {
    "postNumber": "VFW 1821",
    "address": "103 6th Ave, Aliquippa, PA",
    "phone": "(724) 375-2471",
    "email": "N/A",
    "organization": "VFW",
    "state": "PA"
  },
  {
    "postNumber": "VFW 1964",
    "address": "1488 Chestnut St, Mifflinburg, PA",
    "phone": "(570) 966-9259",
    "email": "Annette.maust@brookdale.com",
    "organization": "VFW",
    "state": "PA"
  },
  {
    "postNumber": "VFW 1989",
    "address": "1240 Wayne Ave, Indiana, PA",
    "phone": "(724) 349-2240",
    "email": "N/A",
    "organization": "VFW",
    "state": "PA"
  },
  {
    "postNumber": "VFW 2076",
    "address": "312 Trumbull Ave, Punxsutawney, PA",
    "phone": "(814) 938-9978",
    "email": "ralott@comcast.net",
    "organization": "VFW",
    "state": "PA"
  },
  {
    "postNumber": "VFW 2145",
    "address": "603 Liberty St, Clarion, PA",
    "phone": "(814) 226-6676",
    "email": "Auxiliary2145@hotmail.com",
    "organization": "VFW",
    "state": "PA"
  },
  {
    "postNumber": "VFW 2341",
    "address": "13255 Main St, Albion, PA",
    "phone": "(814) 756-5670",
    "email": "jacksonzirrith@njvfw.com",
    "organization": "VFW",
    "state": "PA"
  },
  {
    "postNumber": "VFW 2493",
    "address": "21 S Main St, Mount Wolf, PA",
    "phone": "(717) 266-1922",
    "email": "vfwpost2493@comcast.net",
    "organization": "VFW",
    "state": "PA"
  },
  {
    "postNumber": "VFW 2506",
    "address": "41 Fish & Game Rd, Hanover, PA",
    "phone": "(717) 632-7474",
    "email": "N/A",
    "organization": "VFW",
    "state": "PA"
  },
  {
    "postNumber": "VFW 2819",
    "address": "4601 Rising Sun Ave, Philadelphia, PA",
    "phone": "(215) 329-9796",
    "email": "dotsokol104@gmail.com",
    "organization": "VFW",
    "state": "PA"
  },
  {
    "postNumber": "VFW 3258",
    "address": "176 E Butler Ave, Chalfont, PA",
    "phone": "(215) 822-9720",
    "email": "post3258cdr@gmail.com",
    "organization": "VFW",
    "state": "PA"
  },
  {
    "postNumber": "VFW 3372",
    "address": "1000 Bucktown Rd, Leetsdale, PA",
    "phone": "(724) 266-3812",
    "email": "N/A",
    "organization": "VFW",
    "state": "PA"
  },
  {
    "postNumber": "VFW 3376",
    "address": "141 S State St, Ephrata, PA",
    "phone": "(717) 733-9904",
    "email": "quartermaster@ephratavfw.org",
    "organization": "VFW",
    "state": "PA"
  },
  {
    "postNumber": "VFW 3398",
    "address": "645 Easton Rd, Willow Grove, PA",
    "phone": "(215) 659-9240",
    "email": "N/A",
    "organization": "VFW",
    "state": "PA"
  },
  {
    "postNumber": "VFW 3448",
    "address": "1917 Goodwin St, Tobyhanna, PA",
    "phone": "(570) 894-0381",
    "email": "N/A",
    "organization": "VFW",
    "state": "PA"
  },
  {
    "postNumber": "VFW 3460",
    "address": "11 Hilltop Rd, Media, PA",
    "phone": "(610) 566-9982",
    "email": "vfw3460@vfw3460.com",
    "organization": "VFW",
    "state": "PA"
  },
  {
    "postNumber": "VFW 3514",
    "address": "23 Morgantown St, Uniontown, PA",
    "phone": "(724) 439-2824",
    "email": "N/A",
    "organization": "VFW",
    "state": "PA"
  },
  {
    "postNumber": "VFW 4315",
    "address": "158 Mount Carmel Ave, Ashville, PA",
    "phone": "(814) 886-4809",
    "email": "vfw4315@gmail.com",
    "organization": "VFW",
    "state": "PA"
  },
  {
    "postNumber": "VFW 4366",
    "address": "158 E Lawn Rd, Nazareth, PA",
    "phone": "(610) 759-8911",
    "email": "N/A",
    "organization": "VFW",
    "state": "PA"
  },
  {
    "postNumber": "VFW 4480",
    "address": "406 W 4th Ave, Parkesburg, PA",
    "phone": "(610) 857-2354",
    "email": "vfwpost4480@gmail.com",
    "organization": "VFW",
    "state": "PA"
  },
  {
    "postNumber": "VFW 4712",
    "address": "508 Main St, Simpson, PA",
    "phone": "(570) 282-2600",
    "email": "vfw4712auxiliary@gmail.com",
    "organization": "VFW",
    "state": "PA"
  },
  {
    "postNumber": "VFW 4793",
    "address": "445 E Lincoln St, Waynesburg, PA",
    "phone": "(724) 627-7215",
    "email": "N/A",
    "organization": "VFW",
    "state": "PA"
  },
  {
    "postNumber": "VFW 4795",
    "address": "701 19th St, Windber, PA",
    "phone": "(814) 467-9185",
    "email": "N/A",
    "organization": "VFW",
    "state": "PA"
  },
  {
    "postNumber": "VFW 4907",
    "address": "465 Tioga St, Wellsboro, PA",
    "phone": "(570) 724-9900",
    "email": "N/A",
    "organization": "VFW",
    "state": "PA"
  },
  {
    "postNumber": "VFW 4909",
    "address": "401-403 Main St, Dupont, PA",
    "phone": "(570) 655-0138",
    "email": "N/A",
    "organization": "VFW",
    "state": "PA"
  },
  {
    "postNumber": "VFW 4963",
    "address": "702 W High St, Ebensburg, PA",
    "phone": "(814) 472-7030",
    "email": "hoover33@comcast.net",
    "organization": "VFW",
    "state": "PA"
  },
  {
    "postNumber": "VFW 5010",
    "address": "205 Johnson St, Freeland, PA",
    "phone": "(570) 636-0667",
    "email": "N/A",
    "organization": "VFW",
    "state": "PA"
  },
  {
    "postNumber": "VFW 5205",
    "address": "3006 N Front St, Philadelphia, PA",
    "phone": "(215) 425-4419",
    "email": "N/A",
    "organization": "VFW",
    "state": "PA"
  },
  {
    "postNumber": "VFW 5207",
    "address": "119 Galinsky Rd, Covington Township, PA",
    "phone": "(570) 842-7305",
    "email": "ta30chev@gmail.com",
    "organization": "VFW",
    "state": "PA"
  },
  {
    "postNumber": "VFW 5265",
    "address": "199 W 1st Ave, Spring Grove, PA",
    "phone": "(717) 225-4010",
    "email": "N/A",
    "organization": "VFW",
    "state": "PA"
  },
  {
    "postNumber": "VFW 5308",
    "address": "395 W Broad St, Telford, PA",
    "phone": "(215) 723-5105",
    "email": "N/A",
    "organization": "VFW",
    "state": "PA"
  },
  {
    "postNumber": "VFW 5424",
    "address": "205 Liberty St, Jamestown, PA",
    "phone": "(724) 932-5541",
    "email": "N/A",
    "organization": "VFW",
    "state": "PA"
  },
  {
    "postNumber": "VFW 5467",
    "address": "704 W Cypress St, Kennett Square, PA",
    "phone": "(610) 444-9866",
    "email": "contactus@vfw5467.org",
    "organization": "VFW",
    "state": "PA"
  },
  {
    "postNumber": "VFW 5635",
    "address": "107 State Rte 590 E, Lackawaxen, PA",
    "phone": "(570) 685-9228",
    "email": "N/A",
    "organization": "VFW",
    "state": "PA"
  },
  {
    "postNumber": "VFW 5752",
    "address": "127 Longenecker Rd, Mount Joy, PA",
    "phone": "(717) 653-2041",
    "email": "mountjoyvfw5752@aol.com",
    "organization": "VFW",
    "state": "PA"
  },
  {
    "postNumber": "VFW 5821",
    "address": "9626 US Route 22 Hwy W, Blairsville, PA",
    "phone": "(724) 459-9894",
    "email": "cmd@vfw5821.org",
    "organization": "VFW",
    "state": "PA"
  },
  {
    "postNumber": "VFW 5825",
    "address": "150 Vairo Blvd, Pine Grove Mills, PA",
    "phone": "(814) 237-5850",
    "email": "KimberlyKorman@yahoo.com",
    "organization": "VFW",
    "state": "PA"
  },
  {
    "postNumber": "VFW 5887",
    "address": "301 Main St, Ridgway, PA",
    "phone": "(814) 772-3282",
    "email": "armyengr2480@yahoo.com",
    "organization": "VFW",
    "state": "PA"
  },
  {
    "postNumber": "VFW 5956",
    "address": "149 S Charlotte St, Manheim, PA",
    "phone": "(717) 665-3889",
    "email": "tigger@ptd.net",
    "organization": "VFW",
    "state": "PA"
  },
  {
    "postNumber": "VFW 6319",
    "address": "3440 Williamson Rd, Greencastle, PA",
    "phone": "(717) 597-9879",
    "email": "N/A",
    "organization": "VFW",
    "state": "PA"
  },
  {
    "postNumber": "VFW 6345",
    "address": "106 Edgewood Ave, Mercer, PA",
    "phone": "(724) 662-0945",
    "email": "N/A",
    "organization": "VFW",
    "state": "PA"
  },
  {
    "postNumber": "VFW 6393",
    "address": "144 S Main St, Yardley, PA",
    "phone": "(215) 493-3212",
    "email": "N/A",
    "organization": "VFW",
    "state": "PA"
  },
  {
    "postNumber": "VFW 6417",
    "address": "232 Maple St, Palmyra, PA",
    "phone": "(717) 838-8200",
    "email": "N/A",
    "organization": "VFW",
    "state": "PA"
  },
  {
    "postNumber": "VFW 6493",
    "address": "645 Louis Dr, Warminster, PA",
    "phone": "(215) 672-7185",
    "email": "13myers@comcast.net",
    "organization": "VFW",
    "state": "PA"
  },
  {
    "postNumber": "VFW 6495",
    "address": "5737 New Falls Rd, Levittown, PA",
    "phone": "(215) 949-9503",
    "email": "rustlers175@gmail.com",
    "organization": "VFW",
    "state": "PA"
  },
  {
    "postNumber": "VFW 6520",
    "address": "2460 Mill Rd, Jefferson Twp, PA",
    "phone": "(570) 689-9120",
    "email": "N/A",
    "organization": "VFW",
    "state": "PA"
  },
  {
    "postNumber": "VFW 6631",
    "address": "940 US-11, Selinsgrove, PA",
    "phone": "(570) 743-5615",
    "email": "vfwpost6631@gmail.com",
    "organization": "VFW",
    "state": "PA"
  },
  {
    "postNumber": "VFW 6648",
    "address": "102 5th St, Freeport, PA",
    "phone": "(724) 295-2280",
    "email": "N/A",
    "organization": "VFW",
    "state": "PA"
  },
  {
    "postNumber": "VFW 6664",
    "address": "416 Library Rd, South Park, PA",
    "phone": "(412) 653-9653",
    "email": "libraryvfwpost6664@gmail.com",
    "organization": "VFW",
    "state": "PA"
  },
  {
    "postNumber": "VFW 6700",
    "address": "2030 Somerset St, Philadelphia, PA",
    "phone": "(215) 465-6211",
    "email": "N/A",
    "organization": "VFW",
    "state": "PA"
  },
  {
    "postNumber": "VFW 6704",
    "address": "4907 Carlisle Pike, Mechanicsburg, PA",
    "phone": "(717) 795-7976",
    "email": "N/A",
    "organization": "VFW",
    "state": "PA"
  },
  {
    "postNumber": "VFW 6766",
    "address": "4101 Gibsonia Rd, Gibsonia, PA",
    "phone": "(724) 443-2320",
    "email": "N/A",
    "organization": "VFW",
    "state": "PA"
  },
  {
    "postNumber": "VFW 6771",
    "address": "22 Franklin St, Dillsburg, PA",
    "phone": "(717) 432-3113",
    "email": "post6771vfw@gmail.com",
    "organization": "VFW",
    "state": "PA"
  },
  {
    "postNumber": "VFW 6824",
    "address": "1364 Comstock Rd, Rome, PA",
    "phone": "(570) 247-6930",
    "email": "vfw6824@frontier.com",
    "organization": "VFW",
    "state": "PA"
  },
  {
    "postNumber": "VFW 6836",
    "address": "1806 Wildwood Ave, Verona, PA",
    "phone": "(412) 828-9898",
    "email": "N/A",
    "organization": "VFW",
    "state": "PA"
  },
  {
    "postNumber": "VFW 7012",
    "address": "123 W Main St, New Freedom, PA",
    "phone": "(717) 235-2151",
    "email": "newfreedomvfw@yahoo.com",
    "organization": "VFW",
    "state": "PA"
  },
  {
    "postNumber": "VFW 7043",
    "address": "1400 Railroad St, Coalport, PA",
    "phone": "(814) 672-5968",
    "email": "vfw.7043@gmail.com",
    "organization": "VFW",
    "state": "PA"
  },
  {
    "postNumber": "VFW 7155",
    "address": "201 W 3rd Ave, Trappe, PA",
    "phone": "(610) 454-9950",
    "email": "commander@trappevfw.org",
    "organization": "VFW",
    "state": "PA"
  },
  {
    "postNumber": "VFW 7213",
    "address": "109 E Amosland Rd, Norwood, PA",
    "phone": "(610) 522-0651",
    "email": "N/A",
    "organization": "VFW",
    "state": "PA"
  },
  {
    "postNumber": "VFW 7251",
    "address": "179 Boulevard Ave, Throop, PA",
    "phone": "(570) 489-4021",
    "email": "cpotoski1954@gmail.com",
    "organization": "VFW",
    "state": "PA"
  },
  {
    "postNumber": "VFW 7294",
    "address": "219 Walnut Hill Rd, Millersville, PA",
    "phone": "(717) 872-2177",
    "email": "quartermaster@vfwpost7294.com",
    "organization": "VFW",
    "state": "PA"
  },
  {
    "postNumber": "VFW 7343",
    "address": "424 N Walnut St, Mount Holly Springs, PA",
    "phone": "(717) 486-3183",
    "email": "N/A",
    "organization": "VFW",
    "state": "PA"
  },
  {
    "postNumber": "VFW 7377",
    "address": "809 2nd St, Cresson, PA",
    "phone": "(814) 886-4485",
    "email": "rooftopinsp@aol.com",
    "organization": "VFW",
    "state": "PA"
  },
  {
    "postNumber": "VFW 7390",
    "address": "546 E Eagle Rd, Broomall, PA",
    "phone": "(610) 446-9855",
    "email": "vfwpost7390@gmail.com",
    "organization": "VFW",
    "state": "PA"
  },
  {
    "postNumber": "VFW 7415",
    "address": "1093 Hummel Ave, New Cumberland, PA",
    "phone": "(717) 774-0079",
    "email": "vfwpost7415@verizon.net",
    "organization": "VFW",
    "state": "PA"
  },
  {
    "postNumber": "VFW 7505",
    "address": "331 Mars-Valencia Rd, Mars, PA",
    "phone": "(724) 625-1910",
    "email": "N/A",
    "organization": "VFW",
    "state": "PA"
  },
  {
    "postNumber": "VFW 7530",
    "address": "4907 Carlisle Pike, Mechanicsburg, PA",
    "phone": "(717) 591-3420",
    "email": "CanteenManagerVFWpost7530@gmail.com",
    "organization": "VFW",
    "state": "PA"
  },
  {
    "postNumber": "VFW 7605",
    "address": "902 Station Rd, Twin Rocks, PA",
    "phone": "(814) 749-7425",
    "email": "N/A",
    "organization": "VFW",
    "state": "PA"
  },
  {
    "postNumber": "VFW 7714",
    "address": "104 Seminary Ave, Oakdale, PA",
    "phone": "(412) 788-3144",
    "email": "vfwpost7714@gmail.com",
    "organization": "VFW",
    "state": "PA"
  },
  {
    "postNumber": "VFW 7842",
    "address": "103 W Erie St, Linesville, PA",
    "phone": "(814) 683-4381",
    "email": "goldust2@peoplepc.com",
    "organization": "VFW",
    "state": "PA"
  },
  {
    "postNumber": "VFW 7878",
    "address": "VFW Parkway, Valley Forge Park, King of Prussia, PA",
    "phone": "N/A",
    "email": "joekathyz@verizon.net",
    "organization": "VFW",
    "state": "PA"
  },
  {
    "postNumber": "VFW 8051",
    "address": "4049 Lancaster Ave, Philadelphia, PA",
    "phone": "(215) 222-1332",
    "email": "vfwpost8051@aol.com",
    "organization": "VFW",
    "state": "PA"
  },
  {
    "postNumber": "VFW 8168",
    "address": "603 Midland Ave, Midland, PA",
    "phone": "(724) 643-2644",
    "email": "N/A",
    "organization": "VFW",
    "state": "PA"
  },
  {
    "postNumber": "VFW 8237",
    "address": "100 S Center St, Hegins, PA",
    "phone": "(570) 682-9960",
    "email": "N/A",
    "organization": "VFW",
    "state": "PA"
  },
  {
    "postNumber": "VFW 8282",
    "address": "1522 Butz Rd, Breinigsville, PA",
    "phone": "(610) 395-9100",
    "email": "N/A",
    "organization": "VFW",
    "state": "PA"
  },
  {
    "postNumber": "VFW 8612",
    "address": "120 E Catherine St, Milford, PA",
    "phone": "(570) 296-6711",
    "email": "vfwpost8612@gmail.com",
    "organization": "VFW",
    "state": "PA"
  },
  {
    "postNumber": "VFW 8638",
    "address": "125 2nd St, Highspire, PA",
    "phone": "(717) 939-1138",
    "email": "N/A",
    "organization": "VFW",
    "state": "PA"
  },
  {
    "postNumber": "VFW 8724",
    "address": "1665 Newry Ln, Duncansville, PA",
    "phone": "(814) 695-9703",
    "email": "N/A",
    "organization": "VFW",
    "state": "PA"
  },
  {
    "postNumber": "VFW 8803",
    "address": "93 Main St, Tidioute, PA",
    "phone": "(814) 484-7717",
    "email": "eelha0334@outlook.com",
    "organization": "VFW",
    "state": "PA"
  },
  {
    "postNumber": "VFW 8805",
    "address": "138 Stone Quarry Rd, Aliquippa, PA",
    "phone": "(724) 378-3993",
    "email": "RobertYoung@VFW8805.comcastbiz.com",
    "organization": "VFW",
    "state": "PA"
  },
  {
    "postNumber": "VFW 8896",
    "address": "107 E Locust St, East Berlin, PA",
    "phone": "(717) 259-0124",
    "email": "fuhrman1070@comcast.net",
    "organization": "VFW",
    "state": "PA"
  },
  {
    "postNumber": "VFW 8951",
    "address": "1800 Andrew St, York, PA",
    "phone": "(717) 848-1056",
    "email": "historian21@yahoo.com",
    "organization": "VFW",
    "state": "PA"
  },
  {
    "postNumber": "VFW 9199",
    "address": "643 Wetzel Rd, Pittsburgh, PA",
    "phone": "(412) 486-1316",
    "email": "post9199@vfw9199.com",
    "organization": "VFW",
    "state": "PA"
  },
  {
    "postNumber": "VFW 9639",
    "address": "376 N Crawford Ave, Shellsville (Grantville), PA",
    "phone": "N/A",
    "email": "djc57@verizon.net",
    "organization": "VFW",
    "state": "PA"
  },
  {
    "postNumber": "VFW 9765",
    "address": "4269 Linden Ave, Feasterville Trevose, PA",
    "phone": "(215) 357-2805",
    "email": "N/A",
    "organization": "VFW",
    "state": "PA"
  },
  {
    "postNumber": "VFW 11322",
    "address": "41 Belmont Ave, Quakertown, PA",
    "phone": "(215) 529-0500",
    "email": "info@lbcvvm.org",
    "organization": "VFW",
    "state": "PA"
  }
]